ID beacon'a;Moc rozgłaszania;RSSI;Dystans;Czas;ID urządzenia;Poziom baterii;;;;;;Dystans;RSSI
F4:1C:50:21:23:FD;-4;-60;0,3;03-12-2015 14:48:04;GT-I9515 - 1a88bbcf523c933c;39;;;;;;0,3;-60
F4:1C:50:21:23:FD;-4;-60;0,3;03-12-2015 14:48:04;GT-I9515 - 1a88bbcf523c933c;39;;;;;;0,3;-60
F4:1C:50:21:23:FD;-4;-60;0,3;03-12-2015 14:48:05;GT-I9515 - 1a88bbcf523c933c;39;;;;;;0,3;-60
F4:1C:50:21:23:FD;-4;-60;0,3;03-12-2015 14:48:05;GT-I9515 - 1a88bbcf523c933c;39;;;;;;0,3;-60
F4:1C:50:21:23:FD;-4;-60;0,3;03-12-2015 14:48:20;GT-I9515 - 1a88bbcf523c933c;38;;;;;;0,3;-60
F4:1C:50:21:23:FD;-4;-60;0,3;03-12-2015 14:48:20;GT-I9515 - 1a88bbcf523c933c;38;;;;;;0,3;-60
F4:1C:50:21:23:FD;-4;-60;0,3;03-12-2015 14:48:37;GT-I9515 - 1a88bbcf523c933c;38;;;;;;0,3;-60
F4:1C:50:21:23:FD;-4;-60;0,3;03-12-2015 14:48:52;GT-I9515 - 1a88bbcf523c933c;38;;;;;;0,3;-60
F4:1C:50:21:23:FD;-4;-60;0,3;03-12-2015 14:48:52;GT-I9515 - 1a88bbcf523c933c;38;;;;;;0,3;-60
F4:1C:50:21:23:FD;-4;-60;0,3;03-12-2015 14:48:53;GT-I9515 - 1a88bbcf523c933c;38;;;;;;0,3;-60
F4:1C:50:21:23:FD;-4;-59;0,3;03-12-2015 14:48:53;GT-I9515 - 1a88bbcf523c933c;38;;;;;;0,3;-59
F4:1C:50:21:23:FD;-4;-60;0,3;03-12-2015 14:49:08;GT-I9515 - 1a88bbcf523c933c;38;;;;;;0,3;-60
F4:1C:50:21:23:FD;-4;-60;0,3;03-12-2015 14:49:08;GT-I9515 - 1a88bbcf523c933c;38;;;;;;0,3;-60
F4:1C:50:21:23:FD;-4;-60;0,3;03-12-2015 14:49:09;GT-I9515 - 1a88bbcf523c933c;38;;;;;;0,3;-60
F4:1C:50:21:23:FD;-4;-60;0,3;03-12-2015 14:49:25;GT-I9515 - 1a88bbcf523c933c;38;;;;;;0,3;-60
F4:1C:50:21:23:FD;-4;-60;0,3;03-12-2015 14:49:40;GT-I9515 - 1a88bbcf523c933c;38;;;;;;0,3;-60
F4:1C:50:21:23:FD;-4;-59;0,3;03-12-2015 14:49:41;GT-I9515 - 1a88bbcf523c933c;38;;;;;;0,3;-59
F4:1C:50:21:23:FD;-4;-59;0,3;03-12-2015 14:49:56;GT-I9515 - 1a88bbcf523c933c;38;;;;;;0,3;-59
F4:1C:50:21:23:FD;-4;-60;0,3;03-12-2015 14:50:12;GT-I9515 - 1a88bbcf523c933c;38;;;;;;0,3;-60
F4:1C:50:21:23:FD;-4;-60;0,3;03-12-2015 14:50:12;GT-I9515 - 1a88bbcf523c933c;38;;;;;;0,3;-60
F4:1C:50:21:23:FD;-4;-60;0,3;03-12-2015 14:50:28;GT-I9515 - 1a88bbcf523c933c;38;;;;;;0,3;-60
F4:1C:50:21:23:FD;-4;-59;0,3;03-12-2015 14:50:45;GT-I9515 - 1a88bbcf523c933c;37;;;;;;0,3;-59
F4:1C:50:21:23:FD;-4;-59;0,3;03-12-2015 14:51:01;GT-I9515 - 1a88bbcf523c933c;37;;;;;;0,3;-59
F4:1C:50:21:23:FD;-4;-60;0,3;03-12-2015 14:51:01;GT-I9515 - 1a88bbcf523c933c;37;;;;;;0,3;-60
F4:1C:50:21:23:FD;-4;-59;0,3;03-12-2015 14:51:15;GT-I9515 - 1a88bbcf523c933c;37;;;;;;0,3;-59
F4:1C:50:21:23:FD;-4;-59;0,3;03-12-2015 14:51:32;GT-I9515 - 1a88bbcf523c933c;37;;;;;;0,3;-59
F4:1C:50:21:23:FD;-4;-59;0,3;03-12-2015 14:51:33;GT-I9515 - 1a88bbcf523c933c;37;;;;;;0,3;-59
F4:1C:50:21:23:FD;-4;-59;0,3;03-12-2015 14:51:33;GT-I9515 - 1a88bbcf523c933c;37;;;;;;0,3;-59
F4:1C:50:21:23:FD;-4;-59;0,3;03-12-2015 14:52:05;GT-I9515 - 1a88bbcf523c933c;37;;;;;;0,3;-59
F4:1C:50:21:23:FD;-4;-60;0,3;03-12-2015 14:52:20;GT-I9515 - 1a88bbcf523c933c;36;;;;;;0,3;-60
F4:1C:50:21:23:FD;-4;-59;0,3;03-12-2015 14:52:21;GT-I9515 - 1a88bbcf523c933c;36;;;;;;0,3;-59
F4:1C:50:21:23:FD;-4;-60;0,3;03-12-2015 14:52:36;GT-I9515 - 1a88bbcf523c933c;36;;;;;;0,3;-60
F4:1C:50:21:23:FD;-4;-59;0,3;03-12-2015 14:52:36;GT-I9515 - 1a88bbcf523c933c;36;;;;;;0,3;-59
F4:1C:50:21:23:FD;-4;-59;0,3;03-12-2015 14:52:37;GT-I9515 - 1a88bbcf523c933c;36;;;;;;0,3;-59
F4:1C:50:21:23:FD;-4;-59;0,3;03-12-2015 14:52:53;GT-I9515 - 1a88bbcf523c933c;36;;;;;;0,3;-59
F4:1C:50:21:23:FD;-4;-59;0,3;03-12-2015 14:53:08;GT-I9515 - 1a88bbcf523c933c;36;;;;;;0,3;-59
F4:1C:50:21:23:FD;-4;-59;0,3;03-12-2015 14:53:08;GT-I9515 - 1a88bbcf523c933c;36;;;;;;0,3;-59
F4:1C:50:21:23:FD;-4;-59;0,3;03-12-2015 14:53:40;GT-I9515 - 1a88bbcf523c933c;36;;;;;;0,3;-59
F4:1C:50:21:23:FD;-4;-60;0,3;03-12-2015 14:53:56;GT-I9515 - 1a88bbcf523c933c;36;;;;;;0,3;-60
F4:1C:50:21:23:FD;-4;-59;0,3;03-12-2015 14:53:57;GT-I9515 - 1a88bbcf523c933c;36;;;;;;0,3;-59
F4:1C:50:21:23:FD;-4;-60;0,3;03-12-2015 14:54:12;GT-I9515 - 1a88bbcf523c933c;36;;;;;;0,3;-60
F4:1C:50:21:23:FD;-4;-60;0,3;03-12-2015 14:54:13;GT-I9515 - 1a88bbcf523c933c;36;;;;;;0,3;-60
F4:1C:50:21:23:FD;-4;-60;0,3;03-12-2015 14:54:28;GT-I9515 - 1a88bbcf523c933c;36;;;;;;0,3;-60
F4:1C:50:21:23:FD;-4;-59;0,3;03-12-2015 14:54:43;GT-I9515 - 1a88bbcf523c933c;36;;;;;;0,3;-59
F4:1C:50:21:23:FD;-4;-59;0,3;03-12-2015 14:54:44;GT-I9515 - 1a88bbcf523c933c;36;;;;;;0,3;-59
F4:1C:50:21:23:FD;-4;-60;0,3;03-12-2015 14:54:45;GT-I9515 - 1a88bbcf523c933c;36;;;;;;0,3;-60
F4:1C:50:21:23:FD;-4;-59;0,3;03-12-2015 14:55:00;GT-I9515 - 1a88bbcf523c933c;35;;;;;;0,3;-59
F4:1C:50:21:23:FD;-4;-60;0,3;03-12-2015 14:55:16;GT-I9515 - 1a88bbcf523c933c;35;;;;;;0,3;-60
F4:1C:50:21:23:FD;-4;-60;0,3;03-12-2015 14:55:16;GT-I9515 - 1a88bbcf523c933c;35;;;;;;0,3;-60
F4:1C:50:21:23:FD;-4;-59;0,3;03-12-2015 14:55:32;GT-I9515 - 1a88bbcf523c933c;35;;;;;;0,3;-59
F4:1C:50:21:23:FD;-4;-59;0,3;03-12-2015 14:55:32;GT-I9515 - 1a88bbcf523c933c;35;;;;;;0,3;-59
F4:1C:50:21:23:FD;-4;-59;0,3;03-12-2015 14:55:47;GT-I9515 - 1a88bbcf523c933c;35;;;;;;0,3;-59
F4:1C:50:21:23:FD;-4;-59;0,3;03-12-2015 14:55:48;GT-I9515 - 1a88bbcf523c933c;35;;;;;;0,3;-59
F4:1C:50:21:23:FD;-4;-59;0,3;03-12-2015 14:55:49;GT-I9515 - 1a88bbcf523c933c;35;;;;;;0,3;-59
F4:1C:50:21:23:FD;-4;-59;0,3;03-12-2015 14:56:04;GT-I9515 - 1a88bbcf523c933c;35;;;;;;0,3;-59
F4:1C:50:21:23:FD;-4;-59;0,3;03-12-2015 14:56:04;GT-I9515 - 1a88bbcf523c933c;35;;;;;;0,3;-59
F4:1C:50:21:23:FD;-4;-59;0,3;03-12-2015 14:56:05;GT-I9515 - 1a88bbcf523c933c;35;;;;;;0,3;-59
F4:1C:50:21:23:FD;-4;-59;0,3;03-12-2015 14:56:20;GT-I9515 - 1a88bbcf523c933c;35;;;;;;0,3;-59
F4:1C:50:21:23:FD;-4;-59;0,3;03-12-2015 14:56:21;GT-I9515 - 1a88bbcf523c933c;35;;;;;;0,3;-59
F4:1C:50:21:23:FD;-4;-59;0,3;03-12-2015 14:56:36;GT-I9515 - 1a88bbcf523c933c;34;;;;;;0,3;-59
F4:1C:50:21:23:FD;-4;-59;0,3;03-12-2015 14:56:37;GT-I9515 - 1a88bbcf523c933c;34;;;;;;0,3;-59
F4:1C:50:21:23:FD;-4;-59;0,3;03-12-2015 14:56:37;GT-I9515 - 1a88bbcf523c933c;34;;;;;;0,3;-59
F4:1C:50:21:23:FD;-4;-60;0,3;03-12-2015 14:56:51;GT-I9515 - 1a88bbcf523c933c;34;;;;;;0,3;-60
F4:1C:50:21:23:FD;-4;-59;0,3;03-12-2015 14:56:52;GT-I9515 - 1a88bbcf523c933c;34;;;;;;0,3;-59
F4:1C:50:21:23:FD;-4;-59;0,3;03-12-2015 14:56:52;GT-I9515 - 1a88bbcf523c933c;34;;;;;;0,3;-59
F4:1C:50:21:23:FD;-4;-59;0,3;03-12-2015 14:57:08;GT-I9515 - 1a88bbcf523c933c;34;;;;;;0,3;-59
F4:1C:50:21:23:FD;-4;-59;0,3;03-12-2015 14:57:09;GT-I9515 - 1a88bbcf523c933c;34;;;;;;0,3;-59
F4:1C:50:21:23:FD;-4;-59;0,3;03-12-2015 14:57:23;GT-I9515 - 1a88bbcf523c933c;34;;;;;;0,3;-59
F4:1C:50:21:23:FD;-4;-59;0,3;03-12-2015 14:57:24;GT-I9515 - 1a88bbcf523c933c;34;;;;;;0,3;-59
F4:1C:50:21:23:FD;-4;-59;0,3;03-12-2015 14:57:25;GT-I9515 - 1a88bbcf523c933c;34;;;;;;0,3;-59
F4:1C:50:21:23:FD;-4;-58;0,3;03-12-2015 14:57:40;GT-I9515 - 1a88bbcf523c933c;34;;;;;;0,3;-58
F4:1C:50:21:23:FD;-4;-59;0,3;03-12-2015 14:57:56;GT-I9515 - 1a88bbcf523c933c;34;;;;;;0,3;-59
F4:1C:50:21:23:FD;-4;-59;0,3;03-12-2015 14:58:13;GT-I9515 - 1a88bbcf523c933c;34;;;;;;0,3;-59
F4:1C:50:21:23:FD;-4;-59;0,3;03-12-2015 14:58:44;GT-I9515 - 1a88bbcf523c933c;34;;;;;;0,3;-59
F4:1C:50:21:23:FD;-4;-59;0,3;03-12-2015 14:58:44;GT-I9515 - 1a88bbcf523c933c;34;;;;;;0,3;-59
F4:1C:50:21:23:FD;-4;-59;0,3;03-12-2015 14:59:00;GT-I9515 - 1a88bbcf523c933c;34;;;;;;0,3;-59
F4:1C:50:21:23:FD;-4;-59;0,3;03-12-2015 14:59:00;GT-I9515 - 1a88bbcf523c933c;34;;;;;;0,3;-59
F4:1C:50:21:23:FD;-4;-59;0,3;03-12-2015 14:59:01;GT-I9515 - 1a88bbcf523c933c;34;;;;;;0,3;-59
F4:1C:50:21:23:FD;-4;-59;0,3;03-12-2015 14:59:16;GT-I9515 - 1a88bbcf523c933c;34;;;;;;0,3;-59
F4:1C:50:21:23:FD;-4;-60;0,3;03-12-2015 14:59:16;GT-I9515 - 1a88bbcf523c933c;34;;;;;;0,3;-60
F4:1C:50:21:23:FD;-4;-59;0,3;03-12-2015 14:59:47;GT-I9515 - 1a88bbcf523c933c;34;;;;;;0,3;-59
F4:1C:50:21:23:FD;-4;-59;0,3;03-12-2015 14:59:48;GT-I9515 - 1a88bbcf523c933c;34;;;;;;0,3;-59
F4:1C:50:21:23:FD;-4;-59;0,3;03-12-2015 14:59:48;GT-I9515 - 1a88bbcf523c933c;34;;;;;;0,3;-59
F4:1C:50:21:23:FD;-4;-59;0,3;03-12-2015 15:00:04;GT-I9515 - 1a88bbcf523c933c;34;;;;;;0,3;-59
F4:1C:50:21:23:FD;-4;-59;0,3;03-12-2015 15:00:05;GT-I9515 - 1a88bbcf523c933c;34;;;;;;0,3;-59
F4:1C:50:21:23:FD;-4;-59;0,3;03-12-2015 15:00:21;GT-I9515 - 1a88bbcf523c933c;34;;;;;;0,3;-59
F4:1C:50:21:23:FD;-4;-59;0,3;03-12-2015 15:00:21;GT-I9515 - 1a88bbcf523c933c;34;;;;;;0,3;-59
F4:1C:50:21:23:FD;-4;-60;0,3;03-12-2015 15:00:36;GT-I9515 - 1a88bbcf523c933c;34;;;;;;0,3;-60
F4:1C:50:21:23:FD;-4;-59;0,3;03-12-2015 15:00:37;GT-I9515 - 1a88bbcf523c933c;34;;;;;;0,3;-59
F4:1C:50:21:23:FD;-4;-59;0,3;03-12-2015 15:00:52;GT-I9515 - 1a88bbcf523c933c;34;;;;;;0,3;-59
F4:1C:50:21:23:FD;-4;-59;0,3;03-12-2015 15:01:08;GT-I9515 - 1a88bbcf523c933c;33;;;;;;0,3;-59
F4:1C:50:21:23:FD;-4;-60;0,3;03-12-2015 15:01:09;GT-I9515 - 1a88bbcf523c933c;33;;;;;;0,3;-60
F4:1C:50:21:23:FD;-4;-60;0,3;03-12-2015 15:01:09;GT-I9515 - 1a88bbcf523c933c;33;;;;;;0,3;-60
F4:1C:50:21:23:FD;-4;-59;0,3;03-12-2015 15:01:09;GT-I9515 - 1a88bbcf523c933c;33;;;;;;0,3;-59
F4:1C:50:21:23:FD;-4;-59;0,3;03-12-2015 15:01:24;GT-I9515 - 1a88bbcf523c933c;33;;;;;;0,3;-59
F4:1C:50:21:23:FD;-4;-60;0,3;03-12-2015 15:01:25;GT-I9515 - 1a88bbcf523c933c;33;;;;;;0,3;-60
F4:1C:50:21:23:FD;-4;-60;0,3;03-12-2015 15:01:25;GT-I9515 - 1a88bbcf523c933c;33;;;;;;0,3;-60
F4:1C:50:21:23:FD;-4;-59;0,3;03-12-2015 15:01:40;GT-I9515 - 1a88bbcf523c933c;33;;;;;;0,3;-59
F4:1C:50:21:23:FD;-4;-59;0,3;03-12-2015 15:01:41;GT-I9515 - 1a88bbcf523c933c;33;;;;;;0,3;-59
F4:1C:50:21:23:FD;-4;-59;0,3;03-12-2015 15:02:12;GT-I9515 - 1a88bbcf523c933c;33;;;;;;0,3;-59
F4:1C:50:21:23:FD;-4;-59;0,3;03-12-2015 15:02:12;GT-I9515 - 1a88bbcf523c933c;33;;;;;;0,3;-59
F4:1C:50:21:23:FD;-4;-59;0,3;03-12-2015 15:02:13;GT-I9515 - 1a88bbcf523c933c;33;;;;;;0,3;-59
F4:1C:50:21:23:FD;-4;-59;0,3;03-12-2015 15:02:28;GT-I9515 - 1a88bbcf523c933c;33;;;;;;0,3;-59
F4:1C:50:21:23:FD;-4;-59;0,3;03-12-2015 15:02:29;GT-I9515 - 1a88bbcf523c933c;33;;;;;;0,3;-59
F4:1C:50:21:23:FD;-4;-59;0,3;03-12-2015 15:02:29;GT-I9515 - 1a88bbcf523c933c;33;;;;;;0,3;-59
F4:1C:50:21:23:FD;-4;-59;0,3;03-12-2015 15:02:43;GT-I9515 - 1a88bbcf523c933c;33;;;;;;0,3;-59
F4:1C:50:21:23:FD;-4;-59;0,3;03-12-2015 15:02:44;GT-I9515 - 1a88bbcf523c933c;33;;;;;;0,3;-59
F4:1C:50:21:23:FD;-4;-59;0,3;03-12-2015 15:02:44;GT-I9515 - 1a88bbcf523c933c;33;;;;;;0,3;-59
F4:1C:50:21:23:FD;-4;-59;0,3;03-12-2015 15:03:00;GT-I9515 - 1a88bbcf523c933c;32;;;;;;0,3;-59
F4:1C:50:21:23:FD;-4;-59;0,3;03-12-2015 15:03:01;GT-I9515 - 1a88bbcf523c933c;32;;;;;;0,3;-59
F4:1C:50:21:23:FD;-4;-59;0,3;03-12-2015 15:03:01;GT-I9515 - 1a88bbcf523c933c;32;;;;;;0,3;-59
F4:1C:50:21:23:FD;-4;-59;0,3;03-12-2015 15:03:16;GT-I9515 - 1a88bbcf523c933c;32;;;;;;0,3;-59
F4:1C:50:21:23:FD;-4;-59;0,3;03-12-2015 15:03:16;GT-I9515 - 1a88bbcf523c933c;32;;;;;;0,3;-59
F4:1C:50:21:23:FD;-4;-59;0,3;03-12-2015 15:03:17;GT-I9515 - 1a88bbcf523c933c;32;;;;;;0,3;-59
F4:1C:50:21:23:FD;-4;-59;0,3;03-12-2015 15:03:18;GT-I9515 - 1a88bbcf523c933c;32;;;;;;0,3;-59
F4:1C:50:21:23:FD;-4;-59;0,3;03-12-2015 15:03:33;GT-I9515 - 1a88bbcf523c933c;32;;;;;;0,3;-59
F4:1C:50:21:23:FD;-4;-60;0,3;03-12-2015 15:03:48;GT-I9515 - 1a88bbcf523c933c;32;;;;;;0,3;-60
F4:1C:50:21:23:FD;-4;-65;0,5;03-12-2015 15:04:21;GT-I9515 - 1a88bbcf523c933c;32;;;;;;0,5;-65
F4:1C:50:21:23:FD;-4;-65;0,5;03-12-2015 15:04:35;GT-I9515 - 1a88bbcf523c933c;32;;;;;;0,5;-65
F4:1C:50:21:23:FD;-4;-65;0,5;03-12-2015 15:04:36;GT-I9515 - 1a88bbcf523c933c;32;;;;;;0,5;-65
F4:1C:50:21:23:FD;-4;-64;0,5;03-12-2015 15:04:52;GT-I9515 - 1a88bbcf523c933c;32;;;;;;0,5;-64
F4:1C:50:21:23:FD;-4;-65;0,5;03-12-2015 15:05:24;GT-I9515 - 1a88bbcf523c933c;32;;;;;;0,5;-65
F4:1C:50:21:23:FD;-4;-65;0,5;03-12-2015 15:05:25;GT-I9515 - 1a88bbcf523c933c;32;;;;;;0,5;-65
F4:1C:50:21:23:FD;-4;-65;0,5;03-12-2015 15:05:40;GT-I9515 - 1a88bbcf523c933c;32;;;;;;0,5;-65
F4:1C:50:21:23:FD;-4;-64;0,5;03-12-2015 15:05:56;GT-I9515 - 1a88bbcf523c933c;32;;;;;;0,5;-64
F4:1C:50:21:23:FD;-4;-64;0,5;03-12-2015 15:05:56;GT-I9515 - 1a88bbcf523c933c;32;;;;;;0,5;-64
F4:1C:50:21:23:FD;-4;-64;0,5;03-12-2015 15:05:57;GT-I9515 - 1a88bbcf523c933c;32;;;;;;0,5;-64
F4:1C:50:21:23:FD;-4;-63;0,5;03-12-2015 15:06:11;GT-I9515 - 1a88bbcf523c933c;32;;;;;;0,5;-63
F4:1C:50:21:23:FD;-4;-65;0,5;03-12-2015 15:06:29;GT-I9515 - 1a88bbcf523c933c;32;;;;;;0,5;-65
F4:1C:50:21:23:FD;-4;-64;0,5;03-12-2015 15:06:45;GT-I9515 - 1a88bbcf523c933c;32;;;;;;0,5;-64
F4:1C:50:21:23:FD;-4;-65;0,5;03-12-2015 15:06:45;GT-I9515 - 1a88bbcf523c933c;32;;;;;;0,5;-65
F4:1C:50:21:23:FD;-4;-64;0,5;03-12-2015 15:07:00;GT-I9515 - 1a88bbcf523c933c;32;;;;;;0,5;-64
F4:1C:50:21:23:FD;-4;-64;0,5;03-12-2015 15:07:00;GT-I9515 - 1a88bbcf523c933c;32;;;;;;0,5;-64
F4:1C:50:21:23:FD;-4;-65;0,5;03-12-2015 15:07:01;GT-I9515 - 1a88bbcf523c933c;32;;;;;;0,5;-65
F4:1C:50:21:23:FD;-4;-64;0,5;03-12-2015 15:07:16;GT-I9515 - 1a88bbcf523c933c;32;;;;;;0,5;-64
F4:1C:50:21:23:FD;-4;-64;0,5;03-12-2015 15:07:47;GT-I9515 - 1a88bbcf523c933c;32;;;;;;0,5;-64
F4:1C:50:21:23:FD;-4;-64;0,5;03-12-2015 15:07:48;GT-I9515 - 1a88bbcf523c933c;32;;;;;;0,5;-64
F4:1C:50:21:23:FD;-4;-64;0,5;03-12-2015 15:07:49;GT-I9515 - 1a88bbcf523c933c;32;;;;;;0,5;-64
F4:1C:50:21:23:FD;-4;-68;0,75;03-12-2015 15:09:08;GT-I9515 - 1a88bbcf523c933c;31;;;;;;0,75;-68
F4:1C:50:21:23:FD;-4;-68;0,75;03-12-2015 15:09:24;GT-I9515 - 1a88bbcf523c933c;31;;;;;;0,75;-68
F4:1C:50:21:23:FD;-4;-68;0,75;03-12-2015 15:09:25;GT-I9515 - 1a88bbcf523c933c;31;;;;;;0,75;-68
F4:1C:50:21:23:FD;-4;-68;0,75;03-12-2015 15:09:26;GT-I9515 - 1a88bbcf523c933c;31;;;;;;0,75;-68
F4:1C:50:21:23:FD;-4;-68;0,75;03-12-2015 15:09:39;GT-I9515 - 1a88bbcf523c933c;31;;;;;;0,75;-68
F4:1C:50:21:23:FD;-4;-68;0,75;03-12-2015 15:09:40;GT-I9515 - 1a88bbcf523c933c;31;;;;;;0,75;-68
F4:1C:50:21:23:FD;-4;-68;0,75;03-12-2015 15:09:40;GT-I9515 - 1a88bbcf523c933c;31;;;;;;0,75;-68
F4:1C:50:21:23:FD;-4;-68;0,75;03-12-2015 15:09:41;GT-I9515 - 1a88bbcf523c933c;31;;;;;;0,75;-68
F4:1C:50:21:23:FD;-4;-68;0,75;03-12-2015 15:09:57;GT-I9515 - 1a88bbcf523c933c;31;;;;;;0,75;-68
F4:1C:50:21:23:FD;-4;-68;0,75;03-12-2015 15:09:57;GT-I9515 - 1a88bbcf523c933c;31;;;;;;0,75;-68
F4:1C:50:21:23:FD;-4;-68;0,75;03-12-2015 15:10:11;GT-I9515 - 1a88bbcf523c933c;31;;;;;;0,75;-68
F4:1C:50:21:23:FD;-4;-68;0,75;03-12-2015 15:10:12;GT-I9515 - 1a88bbcf523c933c;31;;;;;;0,75;-68
F4:1C:50:21:23:FD;-4;-68;0,75;03-12-2015 15:10:12;GT-I9515 - 1a88bbcf523c933c;31;;;;;;0,75;-68
F4:1C:50:21:23:FD;-4;-68;0,75;03-12-2015 15:10:28;GT-I9515 - 1a88bbcf523c933c;31;;;;;;0,75;-68
F4:1C:50:21:23:FD;-4;-68;0,75;03-12-2015 15:10:29;GT-I9515 - 1a88bbcf523c933c;31;;;;;;0,75;-68
F4:1C:50:21:23:FD;-4;-68;0,75;03-12-2015 15:10:43;GT-I9515 - 1a88bbcf523c933c;30;;;;;;0,75;-68
F4:1C:50:21:23:FD;-4;-69;0,75;03-12-2015 15:10:46;GT-I9515 - 1a88bbcf523c933c;30;;;;;;0,75;-69
F4:1C:50:21:23:FD;-4;-68;0,75;03-12-2015 15:11:00;GT-I9515 - 1a88bbcf523c933c;30;;;;;;0,75;-68
F4:1C:50:21:23:FD;-4;-68;0,75;03-12-2015 15:11:01;GT-I9515 - 1a88bbcf523c933c;30;;;;;;0,75;-68
F4:1C:50:21:23:FD;-4;-68;0,75;03-12-2015 15:11:16;GT-I9515 - 1a88bbcf523c933c;30;;;;;;0,75;-68
F4:1C:50:21:23:FD;-4;-69;0,75;03-12-2015 15:11:16;GT-I9515 - 1a88bbcf523c933c;30;;;;;;0,75;-69
F4:1C:50:21:23:FD;-4;-68;0,75;03-12-2015 15:11:17;GT-I9515 - 1a88bbcf523c933c;30;;;;;;0,75;-68
F4:1C:50:21:23:FD;-4;-68;0,75;03-12-2015 15:11:17;GT-I9515 - 1a88bbcf523c933c;30;;;;;;0,75;-68
F4:1C:50:21:23:FD;-4;-68;0,75;03-12-2015 15:11:31;GT-I9515 - 1a88bbcf523c933c;30;;;;;;0,75;-68
F4:1C:50:21:23:FD;-4;-68;0,75;03-12-2015 15:11:32;GT-I9515 - 1a88bbcf523c933c;30;;;;;;0,75;-68
F4:1C:50:21:23:FD;-4;-68;0,75;03-12-2015 15:11:33;GT-I9515 - 1a88bbcf523c933c;30;;;;;;0,75;-68
F4:1C:50:21:23:FD;-4;-68;0,75;03-12-2015 15:11:48;GT-I9515 - 1a88bbcf523c933c;30;;;;;;0,75;-68
F4:1C:50:21:23:FD;-4;-67;0,75;03-12-2015 15:15:01;GT-I9515 - 1a88bbcf523c933c;29;;;;;;0,75;-67
F4:1C:50:21:23:FD;-4;-66;0,75;03-12-2015 15:15:15;GT-I9515 - 1a88bbcf523c933c;29;;;;;;0,75;-66
F4:1C:50:21:23:FD;-4;-66;0,75;03-12-2015 15:15:16;GT-I9515 - 1a88bbcf523c933c;29;;;;;;0,75;-66
F4:1C:50:21:23:FD;-4;-62;0,75;03-12-2015 15:15:17;GT-I9515 - 1a88bbcf523c933c;29;;;;;;0,75;-62
F4:1C:50:21:23:FD;-4;-66;1;03-12-2015 15:16:04;GT-I9515 - 1a88bbcf523c933c;28;;;;;;1;-66
F4:1C:50:21:23:FD;-4;-66;1;03-12-2015 15:16:20;GT-I9515 - 1a88bbcf523c933c;28;;;;;;1;-66
F4:1C:50:21:23:FD;-4;-66;1;03-12-2015 15:16:21;GT-I9515 - 1a88bbcf523c933c;28;;;;;;1;-66
F4:1C:50:21:23:FD;-4;-66;1;03-12-2015 15:16:36;GT-I9515 - 1a88bbcf523c933c;28;;;;;;1;-66
F4:1C:50:21:23:FD;-4;-67;1;03-12-2015 15:16:52;GT-I9515 - 1a88bbcf523c933c;28;;;;;;1;-67
F4:1C:50:21:23:FD;-4;-68;1;03-12-2015 15:16:53;GT-I9515 - 1a88bbcf523c933c;28;;;;;;1;-68
F4:1C:50:21:23:FD;-4;-67;1;03-12-2015 15:17:09;GT-I9515 - 1a88bbcf523c933c;27;;;;;;1;-67
F4:1C:50:21:23:FD;-4;-67;1;03-12-2015 15:17:24;GT-I9515 - 1a88bbcf523c933c;27;;;;;;1;-67
F4:1C:50:21:23:FD;-4;-66;1;03-12-2015 15:17:40;GT-I9515 - 1a88bbcf523c933c;27;;;;;;1;-66
F4:1C:50:21:23:FD;-4;-67;1;03-12-2015 15:17:56;GT-I9515 - 1a88bbcf523c933c;27;;;;;;1;-67
F4:1C:50:21:23:FD;-4;-66;1;03-12-2015 15:18:13;GT-I9515 - 1a88bbcf523c933c;27;;;;;;1;-66
F4:1C:50:21:23:FD;-4;-67;1;03-12-2015 15:18:27;GT-I9515 - 1a88bbcf523c933c;26;;;;;;1;-67
F4:1C:50:21:23:FD;-4;-67;1;03-12-2015 15:18:28;GT-I9515 - 1a88bbcf523c933c;26;;;;;;1;-67
F4:1C:50:21:23:FD;-4;-67;1;03-12-2015 15:18:29;GT-I9515 - 1a88bbcf523c933c;26;;;;;;1;-67
F4:1C:50:21:23:FD;-4;-67;1;03-12-2015 15:18:44;GT-I9515 - 1a88bbcf523c933c;26;;;;;;1;-67
F4:1C:50:21:23:FD;-4;-67;1;03-12-2015 15:18:59;GT-I9515 - 1a88bbcf523c933c;26;;;;;;1;-67
F4:1C:50:21:23:FD;-4;-67;1;03-12-2015 15:19:00;GT-I9515 - 1a88bbcf523c933c;26;;;;;;1;-67
F4:1C:50:21:23:FD;-4;-67;1;03-12-2015 15:19:01;GT-I9515 - 1a88bbcf523c933c;26;;;;;;1;-67
F4:1C:50:21:23:FD;-4;-67;1;03-12-2015 15:19:16;GT-I9515 - 1a88bbcf523c933c;26;;;;;;1;-67
F4:1C:50:21:23:FD;-4;-67;1;03-12-2015 15:19:17;GT-I9515 - 1a88bbcf523c933c;26;;;;;;1;-67
F4:1C:50:21:23:FD;-4;-67;1;03-12-2015 15:19:32;GT-I9515 - 1a88bbcf523c933c;25;;;;;;1;-67
F4:1C:50:21:23:FD;-4;-66;1;03-12-2015 15:19:33;GT-I9515 - 1a88bbcf523c933c;25;;;;;;1;-66
F4:1C:50:21:23:FD;-4;-67;1;03-12-2015 15:19:48;GT-I9515 - 1a88bbcf523c933c;25;;;;;;1;-67
F4:1C:50:21:23:FD;-4;-67;1;03-12-2015 15:19:48;GT-I9515 - 1a88bbcf523c933c;25;;;;;;1;-67
F4:1C:50:21:23:FD;-4;-67;1;03-12-2015 15:20:04;GT-I9515 - 1a88bbcf523c933c;25;;;;;;1;-67
F4:1C:50:21:23:FD;-4;-67;1;03-12-2015 15:20:04;GT-I9515 - 1a88bbcf523c933c;25;;;;;;1;-67
F4:1C:50:21:23:FD;-4;-66;1;03-12-2015 15:20:19;GT-I9515 - 1a88bbcf523c933c;25;;;;;;1;-66
F4:1C:50:21:23:FD;-4;-66;1;03-12-2015 15:20:21;GT-I9515 - 1a88bbcf523c933c;25;;;;;;1;-66
F4:1C:50:21:23:FD;-4;-66;1;03-12-2015 15:20:37;GT-I9515 - 1a88bbcf523c933c;25;;;;;;1;-66
F4:1C:50:21:23:FD;-4;-66;1;03-12-2015 15:20:37;GT-I9515 - 1a88bbcf523c933c;25;;;;;;1;-66
F4:1C:50:21:23:FD;-4;-68;1,5;03-12-2015 15:21:09;GT-I9515 - 1a88bbcf523c933c;25;;;;;;1,5;-68
F4:1C:50:21:23:FD;-4;-66;1,5;03-12-2015 15:21:23;GT-I9515 - 1a88bbcf523c933c;25;;;;;;1,5;-66
F4:1C:50:21:23:FD;-4;-67;1,5;03-12-2015 15:21:24;GT-I9515 - 1a88bbcf523c933c;25;;;;;;1,5;-67
F4:1C:50:21:23:FD;-4;-67;1,5;03-12-2015 15:21:24;GT-I9515 - 1a88bbcf523c933c;25;;;;;;1,5;-67
F4:1C:50:21:23:FD;-4;-67;1,5;03-12-2015 15:21:41;GT-I9515 - 1a88bbcf523c933c;25;;;;;;1,5;-67
F4:1C:50:21:23:FD;-4;-75;1,5;03-12-2015 15:22:11;GT-I9515 - 1a88bbcf523c933c;25;;;;;;1,5;-75
F4:1C:50:21:23:FD;-4;-67;1,5;03-12-2015 15:22:13;GT-I9515 - 1a88bbcf523c933c;25;;;;;;1,5;-67
F4:1C:50:21:23:FD;-4;-67;1,5;03-12-2015 15:22:13;GT-I9515 - 1a88bbcf523c933c;25;;;;;;1,5;-67
F4:1C:50:21:23:FD;-4;-67;1,5;03-12-2015 15:22:28;GT-I9515 - 1a88bbcf523c933c;24;;;;;;1,5;-67
F4:1C:50:21:23:FD;-4;-69;1,5;03-12-2015 15:22:28;GT-I9515 - 1a88bbcf523c933c;24;;;;;;1,5;-69
F4:1C:50:21:23:FD;-4;-68;1,5;03-12-2015 15:22:43;GT-I9515 - 1a88bbcf523c933c;24;;;;;;1,5;-68
F4:1C:50:21:23:FD;-4;-68;1,5;03-12-2015 15:23:00;GT-I9515 - 1a88bbcf523c933c;24;;;;;;1,5;-68
F4:1C:50:21:23:FD;-4;-68;1,5;03-12-2015 15:23:01;GT-I9515 - 1a88bbcf523c933c;24;;;;;;1,5;-68
F4:1C:50:21:23:FD;-4;-68;1,5;03-12-2015 15:23:33;GT-I9515 - 1a88bbcf523c933c;23;;;;;;1,5;-68
F4:1C:50:21:23:FD;-4;-68;1,5;03-12-2015 15:23:48;GT-I9515 - 1a88bbcf523c933c;23;;;;;;1,5;-68
F4:1C:50:21:23:FD;-4;-67;1,5;03-12-2015 15:23:48;GT-I9515 - 1a88bbcf523c933c;23;;;;;;1,5;-67
F4:1C:50:21:23:FD;-4;-67;1,5;03-12-2015 15:24:04;GT-I9515 - 1a88bbcf523c933c;23;;;;;;1,5;-67
F4:1C:50:21:23:FD;-4;-67;1,5;03-12-2015 15:24:05;GT-I9515 - 1a88bbcf523c933c;23;;;;;;1,5;-67
F4:1C:50:21:23:FD;-4;-68;1,5;03-12-2015 15:24:20;GT-I9515 - 1a88bbcf523c933c;23;;;;;;1,5;-68
F4:1C:50:21:23:FD;-4;-68;1,5;03-12-2015 15:24:20;GT-I9515 - 1a88bbcf523c933c;23;;;;;;1,5;-68
F4:1C:50:21:23:FD;-4;-67;1,5;03-12-2015 15:24:36;GT-I9515 - 1a88bbcf523c933c;23;;;;;;1,5;-67
F4:1C:50:21:23:FD;-4;-67;1,5;03-12-2015 15:24:37;GT-I9515 - 1a88bbcf523c933c;23;;;;;;1,5;-67
F4:1C:50:21:23:FD;-4;-67;1,5;03-12-2015 15:25:07;GT-I9515 - 1a88bbcf523c933c;22;;;;;;1,5;-67
F4:1C:50:21:23:FD;-4;-67;1,5;03-12-2015 15:25:09;GT-I9515 - 1a88bbcf523c933c;22;;;;;;1,5;-67
F4:1C:50:21:23:FD;-4;-67;1,5;03-12-2015 15:25:09;GT-I9515 - 1a88bbcf523c933c;22;;;;;;1,5;-67
F4:1C:50:21:23:FD;-4;-67;1,5;03-12-2015 15:25:24;GT-I9515 - 1a88bbcf523c933c;22;;;;;;1,5;-67
F4:1C:50:21:23:FD;-4;-67;1,5;03-12-2015 15:25:24;GT-I9515 - 1a88bbcf523c933c;22;;;;;;1,5;-67
F4:1C:50:21:23:FD;-4;-67;1,5;03-12-2015 15:25:25;GT-I9515 - 1a88bbcf523c933c;22;;;;;;1,5;-67
F4:1C:50:21:23:FD;-4;-67;1,5;03-12-2015 15:25:40;GT-I9515 - 1a88bbcf523c933c;22;;;;;;1,5;-67
F4:1C:50:21:23:FD;-4;-67;1,5;03-12-2015 15:25:40;GT-I9515 - 1a88bbcf523c933c;22;;;;;;1,5;-67
F4:1C:50:21:23:FD;-4;-67;1,5;03-12-2015 15:25:41;GT-I9515 - 1a88bbcf523c933c;22;;;;;;1,5;-67
F4:1C:50:21:23:FD;-4;-70;2;03-12-2015 15:26:12;GT-I9515 - 1a88bbcf523c933c;22;;;;;;2;-70
F4:1C:50:21:23:FD;-4;-70;2;03-12-2015 15:26:12;GT-I9515 - 1a88bbcf523c933c;22;;;;;;2;-70
F4:1C:50:21:23:FD;-4;-71;2;03-12-2015 15:26:12;GT-I9515 - 1a88bbcf523c933c;22;;;;;;2;-71
F4:1C:50:21:23:FD;-4;-71;2;03-12-2015 15:26:13;GT-I9515 - 1a88bbcf523c933c;22;;;;;;2;-71
F4:1C:50:21:23:FD;-4;-75;2;03-12-2015 15:26:27;GT-I9515 - 1a88bbcf523c933c;22;;;;;;2;-75
F4:1C:50:21:23:FD;-4;-73;2;03-12-2015 15:26:28;GT-I9515 - 1a88bbcf523c933c;22;;;;;;2;-73
F4:1C:50:21:23:FD;-4;-70;2;03-12-2015 15:26:29;GT-I9515 - 1a88bbcf523c933c;22;;;;;;2;-70
F4:1C:50:21:23:FD;-4;-72;2;03-12-2015 15:26:45;GT-I9515 - 1a88bbcf523c933c;22;;;;;;2;-72
F4:1C:50:21:23:FD;-4;-72;2;03-12-2015 15:26:59;GT-I9515 - 1a88bbcf523c933c;22;;;;;;2;-72
F4:1C:50:21:23:FD;-4;-70;2;03-12-2015 15:27:16;GT-I9515 - 1a88bbcf523c933c;21;;;;;;2;-70
F4:1C:50:21:23:FD;-4;-70;2;03-12-2015 15:27:16;GT-I9515 - 1a88bbcf523c933c;21;;;;;;2;-70
F4:1C:50:21:23:FD;-4;-70;2;03-12-2015 15:27:32;GT-I9515 - 1a88bbcf523c933c;21;;;;;;2;-70
F4:1C:50:21:23:FD;-4;-70;2;03-12-2015 15:27:32;GT-I9515 - 1a88bbcf523c933c;21;;;;;;2;-70
F4:1C:50:21:23:FD;-4;-70;2;03-12-2015 15:28:04;GT-I9515 - 1a88bbcf523c933c;21;;;;;;2;-70
F4:1C:50:21:23:FD;-4;-70;2;03-12-2015 15:28:04;GT-I9515 - 1a88bbcf523c933c;21;;;;;;2;-70
F4:1C:50:21:23:FD;-4;-70;2;03-12-2015 15:28:04;GT-I9515 - 1a88bbcf523c933c;21;;;;;;2;-70
F4:1C:50:21:23:FD;-4;-70;2;03-12-2015 15:28:20;GT-I9515 - 1a88bbcf523c933c;21;;;;;;2;-70
F4:1C:50:21:23:FD;-4;-70;2;03-12-2015 15:28:21;GT-I9515 - 1a88bbcf523c933c;21;;;;;;2;-70
F4:1C:50:21:23:FD;-4;-70;2;03-12-2015 15:28:35;GT-I9515 - 1a88bbcf523c933c;21;;;;;;2;-70
F4:1C:50:21:23:FD;-4;-70;2;03-12-2015 15:28:36;GT-I9515 - 1a88bbcf523c933c;21;;;;;;2;-70
F4:1C:50:21:23:FD;-4;-70;2;03-12-2015 15:28:51;GT-I9515 - 1a88bbcf523c933c;21;;;;;;2;-70
F4:1C:50:21:23:FD;-4;-70;2;03-12-2015 15:28:52;GT-I9515 - 1a88bbcf523c933c;21;;;;;;2;-70
F4:1C:50:21:23:FD;-4;-70;2;03-12-2015 15:28:53;GT-I9515 - 1a88bbcf523c933c;21;;;;;;2;-70
F4:1C:50:21:23:FD;-4;-70;2;03-12-2015 15:29:07;GT-I9515 - 1a88bbcf523c933c;21;;;;;;2;-70
F4:1C:50:21:23:FD;-4;-70;2;03-12-2015 15:29:23;GT-I9515 - 1a88bbcf523c933c;21;;;;;;2;-70
F4:1C:50:21:23:FD;-4;-70;2;03-12-2015 15:29:24;GT-I9515 - 1a88bbcf523c933c;21;;;;;;2;-70
F4:1C:50:21:23:FD;-4;-70;2;03-12-2015 15:29:25;GT-I9515 - 1a88bbcf523c933c;21;;;;;;2;-70
F4:1C:50:21:23:FD;-4;-70;2;03-12-2015 15:29:39;GT-I9515 - 1a88bbcf523c933c;20;;;;;;2;-70
F4:1C:50:21:23:FD;-4;-70;2;03-12-2015 15:29:40;GT-I9515 - 1a88bbcf523c933c;20;;;;;;2;-70
F4:1C:50:21:23:FD;-4;-70;2;03-12-2015 15:29:40;GT-I9515 - 1a88bbcf523c933c;20;;;;;;2;-70
F4:1C:50:21:23:FD;-4;-70;2;03-12-2015 15:29:56;GT-I9515 - 1a88bbcf523c933c;20;;;;;;2;-70
F4:1C:50:21:23:FD;-4;-70;2;03-12-2015 15:29:56;GT-I9515 - 1a88bbcf523c933c;20;;;;;;2;-70
F4:1C:50:21:23:FD;-4;-70;2;03-12-2015 15:29:58;GT-I9515 - 1a88bbcf523c933c;20;;;;;;2;-70
F4:1C:50:21:23:FD;-4;-70;2;03-12-2015 15:30:12;GT-I9515 - 1a88bbcf523c933c;20;;;;;;2;-70
F4:1C:50:21:23:FD;-4;-70;2;03-12-2015 15:30:12;GT-I9515 - 1a88bbcf523c933c;20;;;;;;2;-70
F4:1C:50:21:23:FD;-4;-70;2;03-12-2015 15:30:13;GT-I9515 - 1a88bbcf523c933c;20;;;;;;2;-70
F4:1C:50:21:23:FD;-4;-75;2,5;03-12-2015 15:31:16;GT-I9515 - 1a88bbcf523c933c;20;;;;;;2,5;-75
F4:1C:50:21:23:FD;-4;-75;2,5;03-12-2015 15:31:16;GT-I9515 - 1a88bbcf523c933c;20;;;;;;2,5;-75
F4:1C:50:21:23:FD;-4;-86;2,5;03-12-2015 15:31:31;GT-I9515 - 1a88bbcf523c933c;20;;;;;;2,5;-86
F4:1C:50:21:23:FD;-4;-75;2,5;03-12-2015 15:31:33;GT-I9515 - 1a88bbcf523c933c;20;;;;;;2,5;-75
F4:1C:50:21:23:FD;-4;-74;2,5;03-12-2015 15:31:48;GT-I9515 - 1a88bbcf523c933c;20;;;;;;2,5;-74
F4:1C:50:21:23:FD;-4;-76;2,5;03-12-2015 15:31:48;GT-I9515 - 1a88bbcf523c933c;20;;;;;;2,5;-76
F4:1C:50:21:23:FD;-4;-77;2,5;03-12-2015 15:32:03;GT-I9515 - 1a88bbcf523c933c;20;;;;;;2,5;-77
F4:1C:50:21:23:FD;-4;-76;2,5;03-12-2015 15:32:04;GT-I9515 - 1a88bbcf523c933c;20;;;;;;2,5;-76
F4:1C:50:21:23:FD;-4;-76;2,5;03-12-2015 15:32:05;GT-I9515 - 1a88bbcf523c933c;20;;;;;;2,5;-76
F4:1C:50:21:23:FD;-4;-76;2,5;03-12-2015 15:32:20;GT-I9515 - 1a88bbcf523c933c;19;;;;;;2,5;-76
F4:1C:50:21:23:FD;-4;-77;2,5;03-12-2015 15:32:35;GT-I9515 - 1a88bbcf523c933c;19;;;;;;2,5;-77
F4:1C:50:21:23:FD;-4;-78;2,5;03-12-2015 15:32:36;GT-I9515 - 1a88bbcf523c933c;19;;;;;;2,5;-78
F4:1C:50:21:23:FD;-4;-75;2,5;03-12-2015 15:32:36;GT-I9515 - 1a88bbcf523c933c;19;;;;;;2,5;-75
F4:1C:50:21:23:FD;-4;-75;2,5;03-12-2015 15:32:51;GT-I9515 - 1a88bbcf523c933c;19;;;;;;2,5;-75
F4:1C:50:21:23:FD;-4;-76;2,5;03-12-2015 15:32:52;GT-I9515 - 1a88bbcf523c933c;19;;;;;;2,5;-76
F4:1C:50:21:23:FD;-4;-76;2,5;03-12-2015 15:33:08;GT-I9515 - 1a88bbcf523c933c;19;;;;;;2,5;-76
F4:1C:50:21:23:FD;-4;-76;2,5;03-12-2015 15:33:08;GT-I9515 - 1a88bbcf523c933c;19;;;;;;2,5;-76
F4:1C:50:21:23:FD;-4;-76;2,5;03-12-2015 15:33:24;GT-I9515 - 1a88bbcf523c933c;19;;;;;;2,5;-76
F4:1C:50:21:23:FD;-4;-76;2,5;03-12-2015 15:33:25;GT-I9515 - 1a88bbcf523c933c;19;;;;;;2,5;-76
F4:1C:50:21:23:FD;-4;-76;2,5;03-12-2015 15:33:25;GT-I9515 - 1a88bbcf523c933c;19;;;;;;2,5;-76
F4:1C:50:21:23:FD;-4;-77;2,5;03-12-2015 15:33:40;GT-I9515 - 1a88bbcf523c933c;19;;;;;;2,5;-77
F4:1C:50:21:23:FD;-4;-77;2,5;03-12-2015 15:33:40;GT-I9515 - 1a88bbcf523c933c;19;;;;;;2,5;-77
F4:1C:50:21:23:FD;-4;-77;2,5;03-12-2015 15:33:41;GT-I9515 - 1a88bbcf523c933c;19;;;;;;2,5;-77
F4:1C:50:21:23:FD;-4;-76;2,5;03-12-2015 15:33:56;GT-I9515 - 1a88bbcf523c933c;19;;;;;;2,5;-76
F4:1C:50:21:23:FD;-4;-75;2,5;03-12-2015 15:33:56;GT-I9515 - 1a88bbcf523c933c;19;;;;;;2,5;-75
F4:1C:50:21:23:FD;-4;-76;2,5;03-12-2015 15:34:11;GT-I9515 - 1a88bbcf523c933c;19;;;;;;2,5;-76
F4:1C:50:21:23:FD;-4;-76;2,5;03-12-2015 15:34:12;GT-I9515 - 1a88bbcf523c933c;19;;;;;;2,5;-76
F4:1C:50:21:23:FD;-4;-76;2,5;03-12-2015 15:34:13;GT-I9515 - 1a88bbcf523c933c;19;;;;;;2,5;-76
F4:1C:50:21:23:FD;-4;-77;2,5;03-12-2015 15:34:27;GT-I9515 - 1a88bbcf523c933c;19;;;;;;2,5;-77
F4:1C:50:21:23:FD;-4;-76;2,5;03-12-2015 15:34:28;GT-I9515 - 1a88bbcf523c933c;19;;;;;;2,5;-76
F4:1C:50:21:23:FD;-4;-76;2,5;03-12-2015 15:34:44;GT-I9515 - 1a88bbcf523c933c;19;;;;;;2,5;-76
F4:1C:50:21:23:FD;-4;-76;2,5;03-12-2015 15:34:45;GT-I9515 - 1a88bbcf523c933c;19;;;;;;2,5;-76
F4:1C:50:21:23:FD;-4;-76;2,5;03-12-2015 15:34:45;GT-I9515 - 1a88bbcf523c933c;19;;;;;;2,5;-76
F4:1C:50:21:23:FD;-4;-85;3;03-12-2015 15:35:15;GT-I9515 - 1a88bbcf523c933c;18;;;;;;3;-85
F4:1C:50:21:23:FD;-4;-85;3;03-12-2015 15:35:48;GT-I9515 - 1a88bbcf523c933c;18;;;;;;3;-85
F4:1C:50:21:23:FD;-4;-84;3;03-12-2015 15:35:48;GT-I9515 - 1a88bbcf523c933c;18;;;;;;3;-84
F4:1C:50:21:23:FD;-4;-84;3;03-12-2015 15:35:49;GT-I9515 - 1a88bbcf523c933c;18;;;;;;3;-84
F4:1C:50:21:23:FD;-4;-83;3;03-12-2015 15:36:03;GT-I9515 - 1a88bbcf523c933c;18;;;;;;3;-83
F4:1C:50:21:23:FD;-4;-82;3;03-12-2015 15:36:04;GT-I9515 - 1a88bbcf523c933c;18;;;;;;3;-82
F4:1C:50:21:23:FD;-4;-82;3;03-12-2015 15:36:04;GT-I9515 - 1a88bbcf523c933c;18;;;;;;3;-82
F4:1C:50:21:23:FD;-4;-82;3;03-12-2015 15:36:05;GT-I9515 - 1a88bbcf523c933c;18;;;;;;3;-82
F4:1C:50:21:23:FD;-4;-84;3;03-12-2015 15:36:19;GT-I9515 - 1a88bbcf523c933c;18;;;;;;3;-84
F4:1C:50:21:23:FD;-4;-84;3;03-12-2015 15:36:20;GT-I9515 - 1a88bbcf523c933c;18;;;;;;3;-84
F4:1C:50:21:23:FD;-4;-83;3;03-12-2015 15:36:36;GT-I9515 - 1a88bbcf523c933c;18;;;;;;3;-83
F4:1C:50:21:23:FD;-4;-82;3;03-12-2015 15:36:36;GT-I9515 - 1a88bbcf523c933c;18;;;;;;3;-82
F4:1C:50:21:23:FD;-4;-70;3;03-12-2015 15:36:51;GT-I9515 - 1a88bbcf523c933c;18;;;;;;3;-70
F4:1C:50:21:23:FD;-4;-84;3;03-12-2015 15:36:52;GT-I9515 - 1a88bbcf523c933c;18;;;;;;3;-84
F4:1C:50:21:23:FD;-4;-84;3;03-12-2015 15:36:53;GT-I9515 - 1a88bbcf523c933c;18;;;;;;3;-84
F4:1C:50:21:23:FD;-4;-84;3;03-12-2015 15:36:53;GT-I9515 - 1a88bbcf523c933c;18;;;;;;3;-84
F4:1C:50:21:23:FD;-4;-82;3;03-12-2015 15:37:08;GT-I9515 - 1a88bbcf523c933c;18;;;;;;3;-82
F4:1C:50:21:23:FD;-4;-82;3;03-12-2015 15:37:09;GT-I9515 - 1a88bbcf523c933c;18;;;;;;3;-82
F4:1C:50:21:23:FD;-4;-84;3;03-12-2015 15:37:09;GT-I9515 - 1a88bbcf523c933c;18;;;;;;3;-84
F4:1C:50:21:23:FD;-4;-84;3;03-12-2015 15:37:23;GT-I9515 - 1a88bbcf523c933c;18;;;;;;3;-84
F4:1C:50:21:23:FD;-4;-84;3;03-12-2015 15:37:24;GT-I9515 - 1a88bbcf523c933c;18;;;;;;3;-84
F4:1C:50:21:23:FD;-4;-87;3;03-12-2015 15:41:40;GT-I9515 - 1a88bbcf523c933c;16;;;;;;3;-87
F4:1C:50:21:23:FD;-4;-86;3;03-12-2015 15:41:41;GT-I9515 - 1a88bbcf523c933c;16;;;;;;3;-86
F4:1C:50:21:23:FD;-4;-86;3;03-12-2015 15:41:41;GT-I9515 - 1a88bbcf523c933c;16;;;;;;3;-86
F4:1C:50:21:23:FD;-4;-74;3;03-12-2015 15:42:12;GT-I9515 - 1a88bbcf523c933c;16;;;;;;3;-74
F4:1C:50:21:23:FD;-4;-80;3;03-12-2015 15:42:12;GT-I9515 - 1a88bbcf523c933c;16;;;;;;3;-80
F4:1C:50:21:23:FD;-4;-77;3;03-12-2015 15:42:13;GT-I9515 - 1a88bbcf523c933c;16;;;;;;3;-77
F4:1C:50:21:23:FD;-4;-82;3;03-12-2015 15:43:15;GT-I9515 - 1a88bbcf523c933c;15;;;;;;3;-82
F4:1C:50:21:23:FD;-4;-82;3;03-12-2015 15:43:16;GT-I9515 - 1a88bbcf523c933c;15;;;;;;3;-82
F4:1C:50:21:23:FD;-4;-82;3;03-12-2015 15:43:17;GT-I9515 - 1a88bbcf523c933c;15;;;;;;3;-82
F4:1C:50:21:23:FD;-4;-83;3;03-12-2015 15:43:32;GT-I9515 - 1a88bbcf523c933c;15;;;;;;3;-83
F4:1C:50:21:23:FD;-4;-82;3;03-12-2015 15:43:32;GT-I9515 - 1a88bbcf523c933c;15;;;;;;3;-82
F4:1C:50:21:23:FD;-4;-82;3;03-12-2015 15:43:33;GT-I9515 - 1a88bbcf523c933c;15;;;;;;3;-82
F4:1C:50:21:23:FD;-4;-83;3;03-12-2015 15:43:48;GT-I9515 - 1a88bbcf523c933c;15;;;;;;3;-83
F4:1C:50:21:23:FD;-4;-83;3;03-12-2015 15:43:48;GT-I9515 - 1a88bbcf523c933c;15;;;;;;3;-83
F4:1C:50:21:23:FD;-4;-84;3;03-12-2015 15:44:03;GT-I9515 - 1a88bbcf523c933c;15;;;;;;3;-84
F4:1C:50:21:23:FD;-4;-83;3;03-12-2015 15:44:03;GT-I9515 - 1a88bbcf523c933c;15;;;;;;3;-83
F4:1C:50:21:23:FD;-4;-83;3;03-12-2015 15:44:05;GT-I9515 - 1a88bbcf523c933c;15;;;;;;3;-83
F4:1C:50:21:23:FD;-4;-76;3,5;03-12-2015 15:44:51;GT-I9515 - 1a88bbcf523c933c;15;;;;;;3,5;-76
F4:1C:50:21:23:FD;-4;-76;3,5;03-12-2015 15:44:53;GT-I9515 - 1a88bbcf523c933c;15;;;;;;3,5;-76
F4:1C:50:21:23:FD;-4;-76;3,5;03-12-2015 15:45:07;GT-I9515 - 1a88bbcf523c933c;14;;;;;;3,5;-76
F4:1C:50:21:23:FD;-4;-73;3,5;03-12-2015 15:45:09;GT-I9515 - 1a88bbcf523c933c;14;;;;;;3,5;-73
F4:1C:50:21:23:FD;-4;-75;3,5;03-12-2015 15:45:24;GT-I9515 - 1a88bbcf523c933c;14;;;;;;3,5;-75
F4:1C:50:21:23:FD;-4;-75;3,5;03-12-2015 15:45:25;GT-I9515 - 1a88bbcf523c933c;14;;;;;;3,5;-75
F4:1C:50:21:23:FD;-4;-76;3,5;03-12-2015 15:45:39;GT-I9515 - 1a88bbcf523c933c;14;;;;;;3,5;-76
F4:1C:50:21:23:FD;-4;-76;3,5;03-12-2015 15:45:40;GT-I9515 - 1a88bbcf523c933c;14;;;;;;3,5;-76
F4:1C:50:21:23:FD;-4;-76;3,5;03-12-2015 15:45:41;GT-I9515 - 1a88bbcf523c933c;14;;;;;;3,5;-76
F4:1C:50:21:23:FD;-4;-76;3,5;03-12-2015 15:45:41;GT-I9515 - 1a88bbcf523c933c;14;;;;;;3,5;-76
F4:1C:50:21:23:FD;-4;-78;3,5;03-12-2015 15:45:55;GT-I9515 - 1a88bbcf523c933c;14;;;;;;3,5;-78
F4:1C:50:21:23:FD;-4;-78;3,5;03-12-2015 15:45:56;GT-I9515 - 1a88bbcf523c933c;14;;;;;;3,5;-78
F4:1C:50:21:23:FD;-4;-78;3,5;03-12-2015 15:45:57;GT-I9515 - 1a88bbcf523c933c;14;;;;;;3,5;-78
F4:1C:50:21:23:FD;-4;-77;3,5;03-12-2015 15:46:12;GT-I9515 - 1a88bbcf523c933c;14;;;;;;3,5;-77
F4:1C:50:21:23:FD;-4;-77;3,5;03-12-2015 15:46:13;GT-I9515 - 1a88bbcf523c933c;14;;;;;;3,5;-77
F4:1C:50:21:23:FD;-4;-76;3,5;03-12-2015 15:46:44;GT-I9515 - 1a88bbcf523c933c;14;;;;;;3,5;-76
F4:1C:50:21:23:FD;-4;-76;3,5;03-12-2015 15:46:45;GT-I9515 - 1a88bbcf523c933c;14;;;;;;3,5;-76
F4:1C:50:21:23:FD;-4;-77;3,5;03-12-2015 15:47:00;GT-I9515 - 1a88bbcf523c933c;14;;;;;;3,5;-77
F4:1C:50:21:23:FD;-4;-76;3,5;03-12-2015 15:47:00;GT-I9515 - 1a88bbcf523c933c;14;;;;;;3,5;-76
F4:1C:50:21:23:FD;-4;-76;3,5;03-12-2015 15:47:01;GT-I9515 - 1a88bbcf523c933c;14;;;;;;3,5;-76
F4:1C:50:21:23:FD;-4;-77;3,5;03-12-2015 15:47:16;GT-I9515 - 1a88bbcf523c933c;14;;;;;;3,5;-77
F4:1C:50:21:23:FD;-4;-77;3,5;03-12-2015 15:47:16;GT-I9515 - 1a88bbcf523c933c;14;;;;;;3,5;-77
F4:1C:50:21:23:FD;-4;-76;3,5;03-12-2015 15:47:32;GT-I9515 - 1a88bbcf523c933c;14;;;;;;3,5;-76
F4:1C:50:21:23:FD;-4;-76;3,5;03-12-2015 15:47:33;GT-I9515 - 1a88bbcf523c933c;14;;;;;;3,5;-76
F4:1C:50:21:23:FD;-4;-76;3,5;03-12-2015 15:47:47;GT-I9515 - 1a88bbcf523c933c;14;;;;;;3,5;-76
F4:1C:50:21:23:FD;-4;-76;3,5;03-12-2015 15:47:48;GT-I9515 - 1a88bbcf523c933c;14;;;;;;3,5;-76
F4:1C:50:21:23:FD;-4;-77;3,5;03-12-2015 15:48:03;GT-I9515 - 1a88bbcf523c933c;14;;;;;;3,5;-77
F4:1C:50:21:23:FD;-4;-76;3,5;03-12-2015 15:48:05;GT-I9515 - 1a88bbcf523c933c;14;;;;;;3,5;-76
F4:1C:50:21:23:FD;-4;-78;3,5;03-12-2015 15:48:20;GT-I9515 - 1a88bbcf523c933c;14;;;;;;3,5;-78
F4:1C:50:21:23:FD;-4;-78;3,5;03-12-2015 15:48:21;GT-I9515 - 1a88bbcf523c933c;14;;;;;;3,5;-78
F4:1C:50:21:23:FD;-4;-78;3,5;03-12-2015 15:48:21;GT-I9515 - 1a88bbcf523c933c;14;;;;;;3,5;-78
F4:1C:50:21:23:FD;-4;-77;3,5;03-12-2015 15:48:37;GT-I9515 - 1a88bbcf523c933c;13;;;;;;3,5;-77
F4:1C:50:21:23:FD;-4;-78;3,5;03-12-2015 15:49:07;GT-I9515 - 1a88bbcf523c933c;13;;;;;;3,5;-78
F4:1C:50:21:23:FD;-4;-77;3,5;03-12-2015 15:49:23;GT-I9515 - 1a88bbcf523c933c;13;;;;;;3,5;-77
F4:1C:50:21:23:FD;-4;-77;3,5;03-12-2015 15:49:25;GT-I9515 - 1a88bbcf523c933c;13;;;;;;3,5;-77
F4:1C:50:21:23:FD;-4;-95;4;03-12-2015 15:50:12;GT-I9515 - 1a88bbcf523c933c;13;;;;;;4;-95
F4:1C:50:21:23:FD;-4;-95;4;03-12-2015 15:50:12;GT-I9515 - 1a88bbcf523c933c;13;;;;;;4;-95
F4:1C:50:21:23:FD;-4;-92;4;03-12-2015 15:50:13;GT-I9515 - 1a88bbcf523c933c;13;;;;;;4;-92
F4:1C:50:21:23:FD;-4;-78;4;03-12-2015 15:51:32;GT-I9515 - 1a88bbcf523c933c;12;;;;;;4;-78
F4:1C:50:21:23:FD;-4;-78;4;03-12-2015 15:51:32;GT-I9515 - 1a88bbcf523c933c;12;;;;;;4;-78
F4:1C:50:21:23:FD;-4;-78;4;03-12-2015 15:51:32;GT-I9515 - 1a88bbcf523c933c;12;;;;;;4;-78
F4:1C:50:21:23:FD;-4;-78;4;03-12-2015 15:51:33;GT-I9515 - 1a88bbcf523c933c;12;;;;;;4;-78
F4:1C:50:21:23:FD;-4;-78;4;03-12-2015 15:51:33;GT-I9515 - 1a88bbcf523c933c;12;;;;;;4;-78
F4:1C:50:21:23:FD;-4;-78;4;03-12-2015 15:51:33;GT-I9515 - 1a88bbcf523c933c;12;;;;;;4;-78
F4:1C:50:21:23:FD;-4;-78;4;03-12-2015 15:51:33;GT-I9515 - 1a88bbcf523c933c;12;;;;;;4;-78
F4:1C:50:21:23:FD;-4;-78;4;03-12-2015 15:51:33;GT-I9515 - 1a88bbcf523c933c;12;;;;;;4;-78
F4:1C:50:21:23:FD;-4;-78;4;03-12-2015 15:51:33;GT-I9515 - 1a88bbcf523c933c;12;;;;;;4;-78
F4:1C:50:21:23:FD;-4;-78;4;03-12-2015 15:51:34;GT-I9515 - 1a88bbcf523c933c;12;;;;;;4;-78
F4:1C:50:21:23:FD;-4;-78;4;03-12-2015 15:51:34;GT-I9515 - 1a88bbcf523c933c;12;;;;;;4;-78
F4:1C:50:21:23:FD;-4;-78;4;03-12-2015 15:51:34;GT-I9515 - 1a88bbcf523c933c;12;;;;;;4;-78
F4:1C:50:21:23:FD;-4;-78;4;03-12-2015 15:51:34;GT-I9515 - 1a88bbcf523c933c;12;;;;;;4;-78
F4:1C:50:21:23:FD;-4;-78;4;03-12-2015 15:51:34;GT-I9515 - 1a88bbcf523c933c;12;;;;;;4;-78
F4:1C:50:21:23:FD;-4;-78;4;03-12-2015 15:51:34;GT-I9515 - 1a88bbcf523c933c;12;;;;;;4;-78
F4:1C:50:21:23:FD;-4;-78;4;03-12-2015 15:51:34;GT-I9515 - 1a88bbcf523c933c;12;;;;;;4;-78
F4:1C:50:21:23:FD;-4;-78;4;03-12-2015 15:51:35;GT-I9515 - 1a88bbcf523c933c;12;;;;;;4;-78
F4:1C:50:21:23:FD;-4;-78;4;03-12-2015 15:51:35;GT-I9515 - 1a88bbcf523c933c;12;;;;;;4;-78
F4:1C:50:21:23:FD;-4;-78;4;03-12-2015 15:51:35;GT-I9515 - 1a88bbcf523c933c;12;;;;;;4;-78
F4:1C:50:21:23:FD;-4;-80;4;03-12-2015 15:51:47;GT-I9515 - 1a88bbcf523c933c;12;;;;;;4;-80
F4:1C:50:21:23:FD;-4;-79;4;03-12-2015 15:51:48;GT-I9515 - 1a88bbcf523c933c;12;;;;;;4;-79
F4:1C:50:21:23:FD;-4;-78;4;03-12-2015 15:51:48;GT-I9515 - 1a88bbcf523c933c;12;;;;;;4;-78
F4:1C:50:21:23:FD;-4;-82;4;03-12-2015 15:52:03;GT-I9515 - 1a88bbcf523c933c;12;;;;;;4;-82
F4:1C:50:21:23:FD;-4;-84;4;03-12-2015 15:52:04;GT-I9515 - 1a88bbcf523c933c;12;;;;;;4;-84
F4:1C:50:21:23:FD;-4;-81;4;03-12-2015 15:52:35;GT-I9515 - 1a88bbcf523c933c;12;;;;;;4;-81
F4:1C:50:21:23:FD;-4;-81;4;03-12-2015 15:52:36;GT-I9515 - 1a88bbcf523c933c;12;;;;;;4;-81
F4:1C:50:21:23:FD;-4;-82;4;03-12-2015 15:52:37;GT-I9515 - 1a88bbcf523c933c;12;;;;;;4;-82
F4:1C:50:21:23:FD;-4;-84;4;03-12-2015 15:53:08;GT-I9515 - 1a88bbcf523c933c;11;;;;;;4;-84
F4:1C:50:21:23:FD;-4;-83;4;03-12-2015 15:53:40;GT-I9515 - 1a88bbcf523c933c;11;;;;;;4;-83
F4:1C:50:21:23:FD;-4;-83;4;03-12-2015 15:53:41;GT-I9515 - 1a88bbcf523c933c;11;;;;;;4;-83
F4:1C:50:21:23:FD;-4;-84;4;03-12-2015 15:53:55;GT-I9515 - 1a88bbcf523c933c;11;;;;;;4;-84
F4:1C:50:21:23:FD;-4;-85;4;03-12-2015 15:53:56;GT-I9515 - 1a88bbcf523c933c;11;;;;;;4;-85
F4:1C:50:21:23:FD;-4;-84;4;03-12-2015 15:53:57;GT-I9515 - 1a88bbcf523c933c;11;;;;;;4;-84
F4:1C:50:21:23:FD;-4;-75;4;03-12-2015 15:54:11;GT-I9515 - 1a88bbcf523c933c;11;;;;;;4;-75
F4:1C:50:21:23:FD;-4;-86;4;03-12-2015 15:54:28;GT-I9515 - 1a88bbcf523c933c;11;;;;;;4;-86
F4:1C:50:21:23:FD;-4;-82;4;03-12-2015 15:54:45;GT-I9515 - 1a88bbcf523c933c;10;;;;;;4;-82
F4:1C:50:21:23:FD;-4;-82;4;03-12-2015 15:55:00;GT-I9515 - 1a88bbcf523c933c;10;;;;;;4;-82
F4:1C:50:21:23:FD;-4;-83;4;03-12-2015 15:55:16;GT-I9515 - 1a88bbcf523c933c;10;;;;;;4;-83
F4:1C:50:21:23:FD;-4;-84;4;03-12-2015 15:56:03;GT-I9515 - 1a88bbcf523c933c;10;;;;;;4;-84
F4:1C:50:21:23:FD;-4;-84;4;03-12-2015 15:56:03;GT-I9515 - 1a88bbcf523c933c;10;;;;;;4;-84
F4:1C:50:21:23:FD;-4;-84;4;03-12-2015 15:56:03;GT-I9515 - 1a88bbcf523c933c;10;;;;;;4;-84
F4:1C:50:21:23:FD;-4;-84;4;03-12-2015 15:56:03;GT-I9515 - 1a88bbcf523c933c;10;;;;;;4;-84
F4:1C:50:21:23:FD;-4;-84;4;03-12-2015 15:56:04;GT-I9515 - 1a88bbcf523c933c;10;;;;;;4;-84
F4:1C:50:21:23:FD;-4;-84;4;03-12-2015 15:56:04;GT-I9515 - 1a88bbcf523c933c;10;;;;;;4;-84
F4:1C:50:21:23:FD;-4;-84;4;03-12-2015 15:56:04;GT-I9515 - 1a88bbcf523c933c;10;;;;;;4;-84
F4:1C:50:21:23:FD;-4;-84;4;03-12-2015 15:56:04;GT-I9515 - 1a88bbcf523c933c;10;;;;;;4;-84
F4:1C:50:21:23:FD;-4;-84;4;03-12-2015 15:56:04;GT-I9515 - 1a88bbcf523c933c;10;;;;;;4;-84
F4:1C:50:21:23:FD;-4;-84;4;03-12-2015 15:56:04;GT-I9515 - 1a88bbcf523c933c;10;;;;;;4;-84
F4:1C:50:21:23:FD;-4;-84;4;03-12-2015 15:56:05;GT-I9515 - 1a88bbcf523c933c;10;;;;;;4;-84
F4:1C:50:21:23:FD;-4;-84;4;03-12-2015 15:56:05;GT-I9515 - 1a88bbcf523c933c;10;;;;;;4;-84
F4:1C:50:21:23:FD;-4;-84;4;03-12-2015 15:56:05;GT-I9515 - 1a88bbcf523c933c;10;;;;;;4;-84
F4:1C:50:21:23:FD;-4;-84;4;03-12-2015 15:56:20;GT-I9515 - 1a88bbcf523c933c;10;;;;;;4;-84
F4:1C:50:21:23:FD;-4;-73;4,5;03-12-2015 18:11:44;GT-I9515 - 1a88bbcf523c933c;45;;;;;;4,5;-73
F4:1C:50:21:23:FD;-4;-74;4,5;03-12-2015 18:12:00;GT-I9515 - 1a88bbcf523c933c;45;;;;;;4,5;-74
F4:1C:50:21:23:FD;-4;-73;4,5;03-12-2015 18:12:00;GT-I9515 - 1a88bbcf523c933c;45;;;;;;4,5;-73
F4:1C:50:21:23:FD;-4;-73;4,5;03-12-2015 18:12:01;GT-I9515 - 1a88bbcf523c933c;45;;;;;;4,5;-73
F4:1C:50:21:23:FD;-4;-73;4,5;03-12-2015 18:12:49;GT-I9515 - 1a88bbcf523c933c;45;;;;;;4,5;-73
F4:1C:50:21:23:FD;-4;-73;4,5;03-12-2015 18:13:04;GT-I9515 - 1a88bbcf523c933c;44;;;;;;4,5;-73
F4:1C:50:21:23:FD;-4;-74;4,5;03-12-2015 18:13:05;GT-I9515 - 1a88bbcf523c933c;44;;;;;;4,5;-74
F4:1C:50:21:23:FD;-4;-73;4,5;03-12-2015 18:13:36;GT-I9515 - 1a88bbcf523c933c;44;;;;;;4,5;-73
F4:1C:50:21:23:FD;-4;-72;4,5;03-12-2015 18:13:37;GT-I9515 - 1a88bbcf523c933c;44;;;;;;4,5;-72
F4:1C:50:21:23:FD;-4;-73;4,5;03-12-2015 18:13:52;GT-I9515 - 1a88bbcf523c933c;44;;;;;;4,5;-73
F4:1C:50:21:23:FD;-4;-73;4,5;03-12-2015 18:13:54;GT-I9515 - 1a88bbcf523c933c;44;;;;;;4,5;-73
F4:1C:50:21:23:FD;-4;-74;4,5;03-12-2015 18:14:08;GT-I9515 - 1a88bbcf523c933c;44;;;;;;4,5;-74
F4:1C:50:21:23:FD;-4;-74;4,5;03-12-2015 18:14:08;GT-I9515 - 1a88bbcf523c933c;44;;;;;;4,5;-74
F4:1C:50:21:23:FD;-4;-74;4,5;03-12-2015 18:14:09;GT-I9515 - 1a88bbcf523c933c;44;;;;;;4,5;-74
F4:1C:50:21:23:FD;-4;-73;4,5;03-12-2015 18:14:25;GT-I9515 - 1a88bbcf523c933c;44;;;;;;4,5;-73
F4:1C:50:21:23:FD;-4;-73;4,5;03-12-2015 18:14:41;GT-I9515 - 1a88bbcf523c933c;44;;;;;;4,5;-73
F4:1C:50:21:23:FD;-4;-73;4,5;03-12-2015 18:14:56;GT-I9515 - 1a88bbcf523c933c;44;;;;;;4,5;-73
F4:1C:50:21:23:FD;-4;-73;4,5;03-12-2015 18:15:28;GT-I9515 - 1a88bbcf523c933c;44;;;;;;4,5;-73
F4:1C:50:21:23:FD;-4;-73;4,5;03-12-2015 18:15:29;GT-I9515 - 1a88bbcf523c933c;44;;;;;;4,5;-73
F4:1C:50:21:23:FD;-4;-74;4,5;03-12-2015 18:16:00;GT-I9515 - 1a88bbcf523c933c;43;;;;;;4,5;-74
F4:1C:50:21:23:FD;-4;-74;4,5;03-12-2015 18:16:15;GT-I9515 - 1a88bbcf523c933c;43;;;;;;4,5;-74
F4:1C:50:21:23:FD;-4;-73;4,5;03-12-2015 18:16:16;GT-I9515 - 1a88bbcf523c933c;43;;;;;;4,5;-73
F4:1C:50:21:23:FD;-4;-74;4,5;03-12-2015 18:16:17;GT-I9515 - 1a88bbcf523c933c;43;;;;;;4,5;-74
F4:1C:50:21:23:FD;-4;-74;4,5;03-12-2015 18:16:32;GT-I9515 - 1a88bbcf523c933c;43;;;;;;4,5;-74
F4:1C:50:21:23:FD;-4;-74;4,5;03-12-2015 18:16:32;GT-I9515 - 1a88bbcf523c933c;43;;;;;;4,5;-74
F4:1C:50:21:23:FD;-4;-73;4,5;03-12-2015 18:16:33;GT-I9515 - 1a88bbcf523c933c;43;;;;;;4,5;-73
F4:1C:50:21:23:FD;-4;-73;4,5;03-12-2015 18:16:48;GT-I9515 - 1a88bbcf523c933c;43;;;;;;4,5;-73
F4:1C:50:21:23:FD;-4;-74;4,5;03-12-2015 18:16:49;GT-I9515 - 1a88bbcf523c933c;43;;;;;;4,5;-74
F4:1C:50:21:23:FD;-4;-74;4,5;03-12-2015 18:17:05;GT-I9515 - 1a88bbcf523c933c;43;;;;;;4,5;-74
F4:1C:50:21:23:FD;-4;-73;4,5;03-12-2015 18:17:05;GT-I9515 - 1a88bbcf523c933c;43;;;;;;4,5;-73
F4:1C:50:21:23:FD;-4;-73;4,5;03-12-2015 18:17:36;GT-I9515 - 1a88bbcf523c933c;43;;;;;;4,5;-73
F4:1C:50:21:23:FD;-4;-74;4,5;03-12-2015 18:17:38;GT-I9515 - 1a88bbcf523c933c;43;;;;;;4,5;-74
F4:1C:50:21:23:FD;-4;-70;5;03-12-2015 18:18:24;GT-I9515 - 1a88bbcf523c933c;42;;;;;;5;-70
F4:1C:50:21:23:FD;-4;-74;5;03-12-2015 18:18:40;GT-I9515 - 1a88bbcf523c933c;42;;;;;;5;-74
F4:1C:50:21:23:FD;-4;-74;5;03-12-2015 18:18:40;GT-I9515 - 1a88bbcf523c933c;42;;;;;;5;-74
F4:1C:50:21:23:FD;-4;-74;5;03-12-2015 18:18:41;GT-I9515 - 1a88bbcf523c933c;42;;;;;;5;-74
F4:1C:50:21:23:FD;-4;-74;5;03-12-2015 18:18:57;GT-I9515 - 1a88bbcf523c933c;42;;;;;;5;-74
F4:1C:50:21:23:FD;-4;-74;5;03-12-2015 18:19:12;GT-I9515 - 1a88bbcf523c933c;42;;;;;;5;-74
F4:1C:50:21:23:FD;-4;-74;5;03-12-2015 18:19:13;GT-I9515 - 1a88bbcf523c933c;42;;;;;;5;-74
F4:1C:50:21:23:FD;-4;-74;5;03-12-2015 18:19:28;GT-I9515 - 1a88bbcf523c933c;42;;;;;;5;-74
F4:1C:50:21:23:FD;-4;-74;5;03-12-2015 18:19:28;GT-I9515 - 1a88bbcf523c933c;42;;;;;;5;-74
F4:1C:50:21:23:FD;-4;-73;5;03-12-2015 18:19:44;GT-I9515 - 1a88bbcf523c933c;42;;;;;;5;-73
F4:1C:50:21:23:FD;-4;-73;5;03-12-2015 18:19:44;GT-I9515 - 1a88bbcf523c933c;42;;;;;;5;-73
F4:1C:50:21:23:FD;-4;-73;5;03-12-2015 18:19:45;GT-I9515 - 1a88bbcf523c933c;42;;;;;;5;-73
F4:1C:50:21:23:FD;-4;-74;5;03-12-2015 18:19:45;GT-I9515 - 1a88bbcf523c933c;42;;;;;;5;-74
F4:1C:50:21:23:FD;-4;-74;5;03-12-2015 18:20:01;GT-I9515 - 1a88bbcf523c933c;42;;;;;;5;-74
F4:1C:50:21:23:FD;-4;-74;5;03-12-2015 18:20:01;GT-I9515 - 1a88bbcf523c933c;42;;;;;;5;-74
F4:1C:50:21:23:FD;-4;-74;5;03-12-2015 18:20:16;GT-I9515 - 1a88bbcf523c933c;42;;;;;;5;-74
F4:1C:50:21:23:FD;-4;-74;5;03-12-2015 18:20:17;GT-I9515 - 1a88bbcf523c933c;42;;;;;;5;-74
F4:1C:50:21:23:FD;-4;-74;5;03-12-2015 18:21:03;GT-I9515 - 1a88bbcf523c933c;41;;;;;;5;-74
F4:1C:50:21:23:FD;-4;-74;5;03-12-2015 18:21:03;GT-I9515 - 1a88bbcf523c933c;41;;;;;;5;-74
F4:1C:50:21:23:FD;-4;-74;5;03-12-2015 18:21:03;GT-I9515 - 1a88bbcf523c933c;41;;;;;;5;-74
F4:1C:50:21:23:FD;-4;-74;5;03-12-2015 18:21:04;GT-I9515 - 1a88bbcf523c933c;41;;;;;;5;-74
F4:1C:50:21:23:FD;-4;-74;5;03-12-2015 18:21:04;GT-I9515 - 1a88bbcf523c933c;41;;;;;;5;-74
F4:1C:50:21:23:FD;-4;-74;5;03-12-2015 18:21:04;GT-I9515 - 1a88bbcf523c933c;41;;;;;;5;-74
F4:1C:50:21:23:FD;-4;-74;5;03-12-2015 18:21:04;GT-I9515 - 1a88bbcf523c933c;41;;;;;;5;-74
F4:1C:50:21:23:FD;-4;-74;5;03-12-2015 18:21:05;GT-I9515 - 1a88bbcf523c933c;41;;;;;;5;-74
F4:1C:50:21:23:FD;-4;-74;5;03-12-2015 18:21:05;GT-I9515 - 1a88bbcf523c933c;41;;;;;;5;-74
F4:1C:50:21:23:FD;-4;-74;5;03-12-2015 18:21:05;GT-I9515 - 1a88bbcf523c933c;41;;;;;;5;-74
F4:1C:50:21:23:FD;-4;-74;5;03-12-2015 18:21:05;GT-I9515 - 1a88bbcf523c933c;41;;;;;;5;-74
F4:1C:50:21:23:FD;-4;-74;5;03-12-2015 18:21:06;GT-I9515 - 1a88bbcf523c933c;41;;;;;;5;-74
F4:1C:50:21:23:FD;-4;-74;5;03-12-2015 18:21:20;GT-I9515 - 1a88bbcf523c933c;41;;;;;;5;-74
F4:1C:50:21:23:FD;-4;-74;5;03-12-2015 18:21:20;GT-I9515 - 1a88bbcf523c933c;41;;;;;;5;-74
F4:1C:50:21:23:FD;-4;-74;5;03-12-2015 18:21:21;GT-I9515 - 1a88bbcf523c933c;41;;;;;;5;-74
F4:1C:50:21:23:FD;-4;-74;5;03-12-2015 18:21:36;GT-I9515 - 1a88bbcf523c933c;41;;;;;;5;-74
F4:1C:50:21:23:FD;-4;-74;5;03-12-2015 18:21:36;GT-I9515 - 1a88bbcf523c933c;41;;;;;;5;-74
F4:1C:50:21:23:FD;-4;-74;5;03-12-2015 18:21:52;GT-I9515 - 1a88bbcf523c933c;41;;;;;;5;-74
F4:1C:50:21:23:FD;-4;-75;5;03-12-2015 18:22:08;GT-I9515 - 1a88bbcf523c933c;41;;;;;;5;-75
F4:1C:50:21:23:FD;-4;-74;5;03-12-2015 18:22:09;GT-I9515 - 1a88bbcf523c933c;41;;;;;;5;-74
F4:1C:50:21:23:FD;-4;-75;5;03-12-2015 18:22:40;GT-I9515 - 1a88bbcf523c933c;41;;;;;;5;-75
F4:1C:50:21:23:FD;-4;-74;5;03-12-2015 18:22:41;GT-I9515 - 1a88bbcf523c933c;41;;;;;;5;-74
F4:1C:50:21:23:FD;-4;-75;5;03-12-2015 18:23:12;GT-I9515 - 1a88bbcf523c933c;41;;;;;;5;-75
F4:1C:50:21:23:FD;-4;-75;5;03-12-2015 18:23:12;GT-I9515 - 1a88bbcf523c933c;41;;;;;;5;-75
F4:1C:50:21:23:FD;-4;-75;5;03-12-2015 18:23:12;GT-I9515 - 1a88bbcf523c933c;41;;;;;;5;-75
F4:1C:50:21:23:FD;-4;-75;5;03-12-2015 18:23:13;GT-I9515 - 1a88bbcf523c933c;41;;;;;;5;-75
F4:1C:50:21:23:FD;-4;-76;5,5;03-12-2015 18:24:00;GT-I9515 - 1a88bbcf523c933c;41;;;;;;5,5;-76
F4:1C:50:21:23:FD;-4;-76;5,5;03-12-2015 18:24:00;GT-I9515 - 1a88bbcf523c933c;41;;;;;;5,5;-76
F4:1C:50:21:23:FD;-4;-75;5,5;03-12-2015 18:24:02;GT-I9515 - 1a88bbcf523c933c;41;;;;;;5,5;-75
F4:1C:50:21:23:FD;-4;-75;5,5;03-12-2015 18:24:16;GT-I9515 - 1a88bbcf523c933c;41;;;;;;5,5;-75
F4:1C:50:21:23:FD;-4;-75;5,5;03-12-2015 18:24:33;GT-I9515 - 1a88bbcf523c933c;41;;;;;;5,5;-75
F4:1C:50:21:23:FD;-4;-75;5,5;03-12-2015 18:24:33;GT-I9515 - 1a88bbcf523c933c;41;;;;;;5,5;-75
F4:1C:50:21:23:FD;-4;-77;5,5;03-12-2015 18:24:49;GT-I9515 - 1a88bbcf523c933c;41;;;;;;5,5;-77
F4:1C:50:21:23:FD;-4;-77;5,5;03-12-2015 18:24:49;GT-I9515 - 1a88bbcf523c933c;41;;;;;;5,5;-77
F4:1C:50:21:23:FD;-4;-76;5,5;03-12-2015 18:24:49;GT-I9515 - 1a88bbcf523c933c;41;;;;;;5,5;-76
F4:1C:50:21:23:FD;-4;-76;5,5;03-12-2015 18:25:05;GT-I9515 - 1a88bbcf523c933c;41;;;;;;5,5;-76
F4:1C:50:21:23:FD;-4;-76;5,5;03-12-2015 18:25:20;GT-I9515 - 1a88bbcf523c933c;41;;;;;;5,5;-76
F4:1C:50:21:23:FD;-4;-76;5,5;03-12-2015 18:25:21;GT-I9515 - 1a88bbcf523c933c;40;;;;;;5,5;-76
F4:1C:50:21:23:FD;-4;-77;5,5;03-12-2015 18:25:21;GT-I9515 - 1a88bbcf523c933c;40;;;;;;5,5;-77
F4:1C:50:21:23:FD;-4;-76;5,5;03-12-2015 18:25:36;GT-I9515 - 1a88bbcf523c933c;40;;;;;;5,5;-76
F4:1C:50:21:23:FD;-4;-76;5,5;03-12-2015 18:25:37;GT-I9515 - 1a88bbcf523c933c;40;;;;;;5,5;-76
F4:1C:50:21:23:FD;-4;-77;5,5;03-12-2015 18:25:52;GT-I9515 - 1a88bbcf523c933c;40;;;;;;5,5;-77
F4:1C:50:21:23:FD;-4;-77;5,5;03-12-2015 18:25:54;GT-I9515 - 1a88bbcf523c933c;40;;;;;;5,5;-77
F4:1C:50:21:23:FD;-4;-77;5,5;03-12-2015 18:26:08;GT-I9515 - 1a88bbcf523c933c;40;;;;;;5,5;-77
F4:1C:50:21:23:FD;-4;-77;5,5;03-12-2015 18:26:09;GT-I9515 - 1a88bbcf523c933c;40;;;;;;5,5;-77
F4:1C:50:21:23:FD;-4;-77;5,5;03-12-2015 18:26:09;GT-I9515 - 1a88bbcf523c933c;40;;;;;;5,5;-77
F4:1C:50:21:23:FD;-4;-78;5,5;03-12-2015 18:26:24;GT-I9515 - 1a88bbcf523c933c;40;;;;;;5,5;-78
F4:1C:50:21:23:FD;-4;-77;5,5;03-12-2015 18:26:25;GT-I9515 - 1a88bbcf523c933c;40;;;;;;5,5;-77
F4:1C:50:21:23:FD;-4;-79;5,5;03-12-2015 18:28:47;GT-I9515 - 1a88bbcf523c933c;40;;;;;;5,5;-79
F4:1C:50:21:23:FD;-4;-78;5,5;03-12-2015 18:28:48;GT-I9515 - 1a88bbcf523c933c;40;;;;;;5,5;-78
F4:1C:50:21:23:FD;-4;-78;5,5;03-12-2015 18:28:48;GT-I9515 - 1a88bbcf523c933c;40;;;;;;5,5;-78
F4:1C:50:21:23:FD;-4;-78;5,5;03-12-2015 18:28:48;GT-I9515 - 1a88bbcf523c933c;40;;;;;;5,5;-78
F4:1C:50:21:23:FD;-4;-78;5,5;03-12-2015 18:28:49;GT-I9515 - 1a88bbcf523c933c;40;;;;;;5,5;-78
F4:1C:50:21:23:FD;-4;-78;5,5;03-12-2015 18:28:49;GT-I9515 - 1a88bbcf523c933c;40;;;;;;5,5;-78
F4:1C:50:21:23:FD;-4;-78;5,5;03-12-2015 18:28:49;GT-I9515 - 1a88bbcf523c933c;40;;;;;;5,5;-78
F4:1C:50:21:23:FD;-4;-78;5,5;03-12-2015 18:29:15;GT-I9515 - 1a88bbcf523c933c;40;;;;;;5,5;-78
F4:1C:50:21:23:FD;-4;-78;5,5;03-12-2015 18:29:20;GT-I9515 - 1a88bbcf523c933c;40;;;;;;5,5;-78
F4:1C:50:21:23:FD;-4;-89;6;03-12-2015 18:30:56;GT-I9515 - 1a88bbcf523c933c;39;;;;;;6;-89
F4:1C:50:21:23:FD;-4;-89;6;03-12-2015 18:30:56;GT-I9515 - 1a88bbcf523c933c;39;;;;;;6;-89
F4:1C:50:21:23:FD;-4;-89;6;03-12-2015 18:30:57;GT-I9515 - 1a88bbcf523c933c;39;;;;;;6;-89
F4:1C:50:21:23:FD;-4;-91;6;03-12-2015 18:30:57;GT-I9515 - 1a88bbcf523c933c;39;;;;;;6;-91
F4:1C:50:21:23:FD;-4;-91;6;03-12-2015 18:30:57;GT-I9515 - 1a88bbcf523c933c;39;;;;;;6;-91
F4:1C:50:21:23:FD;-4;-91;6;03-12-2015 18:30:57;GT-I9515 - 1a88bbcf523c933c;39;;;;;;6;-91
F4:1C:50:21:23:FD;-4;-91;6;03-12-2015 18:30:57;GT-I9515 - 1a88bbcf523c933c;39;;;;;;6;-91
F4:1C:50:21:23:FD;-4;-91;6;03-12-2015 18:30:57;GT-I9515 - 1a88bbcf523c933c;39;;;;;;6;-91
F4:1C:50:21:23:FD;-4;-88;6;03-12-2015 18:31:12;GT-I9515 - 1a88bbcf523c933c;39;;;;;;6;-88
F4:1C:50:21:23:FD;-4;-88;6;03-12-2015 18:31:13;GT-I9515 - 1a88bbcf523c933c;39;;;;;;6;-88
F4:1C:50:21:23:FD;-4;-88;6;03-12-2015 18:31:13;GT-I9515 - 1a88bbcf523c933c;39;;;;;;6;-88
F4:1C:50:21:23:FD;-4;-90;6;03-12-2015 18:31:31;GT-I9515 - 1a88bbcf523c933c;39;;;;;;6;-90
F4:1C:50:21:23:FD;-4;-73;6;03-12-2015 18:32:49;GT-I9515 - 1a88bbcf523c933c;39;;;;;;6;-73
F4:1C:50:21:23:FD;-4;-73;6;03-12-2015 18:32:49;GT-I9515 - 1a88bbcf523c933c;39;;;;;;6;-73
F4:1C:50:21:23:FD;-4;-73;6;03-12-2015 18:32:49;GT-I9515 - 1a88bbcf523c933c;39;;;;;;6;-73
F4:1C:50:21:23:FD;-4;-73;6;03-12-2015 18:32:50;GT-I9515 - 1a88bbcf523c933c;39;;;;;;6;-73
F4:1C:50:21:23:FD;-4;-87;6;03-12-2015 18:34:56;GT-I9515 - 1a88bbcf523c933c;38;;;;;;6;-87
F4:1C:50:21:23:FD;-4;-86;6;03-12-2015 18:34:57;GT-I9515 - 1a88bbcf523c933c;38;;;;;;6;-86
F4:1C:50:21:23:FD;-4;-88;6;03-12-2015 18:34:57;GT-I9515 - 1a88bbcf523c933c;38;;;;;;6;-88
F4:1C:50:21:23:FD;-4;-92;6;03-12-2015 18:35:13;GT-I9515 - 1a88bbcf523c933c;38;;;;;;6;-92
F4:1C:50:21:23:FD;-4;-76;6;03-12-2015 18:37:05;GT-I9515 - 1a88bbcf523c933c;37;;;;;;6;-76
F4:1C:50:21:23:FD;-4;-94;6;03-12-2015 18:37:19;GT-I9515 - 1a88bbcf523c933c;37;;;;;;6;-94
F4:1C:50:21:23:FD;-4;-91;6;03-12-2015 18:37:20;GT-I9515 - 1a88bbcf523c933c;37;;;;;;6;-91
F4:1C:50:21:23:FD;-4;-94;6;03-12-2015 18:40:49;GT-I9515 - 1a88bbcf523c933c;35;;;;;;6;-94
F4:1C:50:21:23:FD;-4;-90;6;03-12-2015 18:40:49;GT-I9515 - 1a88bbcf523c933c;35;;;;;;6;-90
F4:1C:50:21:23:FD;-4;-86;6;03-12-2015 18:41:05;GT-I9515 - 1a88bbcf523c933c;35;;;;;;6;-86
F4:1C:50:21:23:FD;-4;-76;6;03-12-2015 18:44:17;GT-I9515 - 1a88bbcf523c933c;34;;;;;;6;-76
F4:1C:50:21:23:FD;-4;-77;6;03-12-2015 18:58:48;GT-I9515 - 1a88bbcf523c933c;27;;;;;;6;-77
F4:1C:50:21:23:FD;-4;-78;6;03-12-2015 18:58:49;GT-I9515 - 1a88bbcf523c933c;27;;;;;;6;-78
F4:1C:50:21:23:FD;-4;-79;6;03-12-2015 18:58:50;GT-I9515 - 1a88bbcf523c933c;27;;;;;;6;-79
F4:1C:50:21:23:FD;-4;-76;6;03-12-2015 19:01:04;GT-I9515 - 1a88bbcf523c933c;26;;;;;;6;-76
F4:1C:50:21:23:FD;-4;-75;6;03-12-2015 19:01:12;GT-I9515 - 1a88bbcf523c933c;25;;;;;;6;-75
F4:1C:50:21:23:FD;-4;-77;6;03-12-2015 19:01:13;GT-I9515 - 1a88bbcf523c933c;25;;;;;;6;-77
F4:1C:50:21:23:FD;-4;-76;6;03-12-2015 19:01:44;GT-I9515 - 1a88bbcf523c933c;25;;;;;;6;-76
F4:1C:50:21:23:FD;-4;-77;6;03-12-2015 19:01:46;GT-I9515 - 1a88bbcf523c933c;25;;;;;;6;-77
F4:1C:50:21:23:FD;-4;-79;6;03-12-2015 19:02:00;GT-I9515 - 1a88bbcf523c933c;25;;;;;;6;-79
F4:1C:50:21:23:FD;-4;-77;6;03-12-2015 19:02:16;GT-I9515 - 1a88bbcf523c933c;25;;;;;;6;-77
F4:1C:50:21:23:FD;-4;-78;6;03-12-2015 19:02:17;GT-I9515 - 1a88bbcf523c933c;25;;;;;;6;-78
F4:1C:50:21:23:FD;-4;-86;6,5;03-12-2015 19:02:48;GT-I9515 - 1a88bbcf523c933c;24;;;;;;6,5;-86
F4:1C:50:21:23:FD;-4;-84;6,5;03-12-2015 19:03:36;GT-I9515 - 1a88bbcf523c933c;24;;;;;;6,5;-84
F4:1C:50:21:23:FD;-4;-84;6,5;03-12-2015 19:03:36;GT-I9515 - 1a88bbcf523c933c;24;;;;;;6,5;-84
F4:1C:50:21:23:FD;-4;-84;6,5;03-12-2015 19:03:36;GT-I9515 - 1a88bbcf523c933c;24;;;;;;6,5;-84
F4:1C:50:21:23:FD;-4;-84;6,5;03-12-2015 19:03:36;GT-I9515 - 1a88bbcf523c933c;24;;;;;;6,5;-84
F4:1C:50:21:23:FD;-4;-84;6,5;03-12-2015 19:03:37;GT-I9515 - 1a88bbcf523c933c;24;;;;;;6,5;-84
F4:1C:50:21:23:FD;-4;-82;6,5;03-12-2015 19:03:37;GT-I9515 - 1a88bbcf523c933c;24;;;;;;6,5;-82
F4:1C:50:21:23:FD;-4;-82;6,5;03-12-2015 19:03:37;GT-I9515 - 1a88bbcf523c933c;24;;;;;;6,5;-82
F4:1C:50:21:23:FD;-4;-86;6,5;03-12-2015 19:03:52;GT-I9515 - 1a88bbcf523c933c;24;;;;;;6,5;-86
F4:1C:50:21:23:FD;-4;-87;6,5;03-12-2015 19:03:53;GT-I9515 - 1a88bbcf523c933c;24;;;;;;6,5;-87
F4:1C:50:21:23:FD;-4;-82;6,5;03-12-2015 19:04:10;GT-I9515 - 1a88bbcf523c933c;24;;;;;;6,5;-82
F4:1C:50:21:23:FD;-4;-81;6,5;03-12-2015 19:04:24;GT-I9515 - 1a88bbcf523c933c;24;;;;;;6,5;-81
F4:1C:50:21:23:FD;-4;-81;6,5;03-12-2015 19:04:41;GT-I9515 - 1a88bbcf523c933c;23;;;;;;6,5;-81
F4:1C:50:21:23:FD;-4;-90;6,5;03-12-2015 19:04:56;GT-I9515 - 1a88bbcf523c933c;23;;;;;;6,5;-90
F4:1C:50:21:23:FD;-4;-84;6,5;03-12-2015 19:05:29;GT-I9515 - 1a88bbcf523c933c;23;;;;;;6,5;-84
F4:1C:50:21:23:FD;-4;-84;6,5;03-12-2015 19:05:29;GT-I9515 - 1a88bbcf523c933c;23;;;;;;6,5;-84
F4:1C:50:21:23:FD;-4;-84;6,5;03-12-2015 19:05:30;GT-I9515 - 1a88bbcf523c933c;23;;;;;;6,5;-84
F4:1C:50:21:23:FD;-4;-84;6,5;03-12-2015 19:05:30;GT-I9515 - 1a88bbcf523c933c;23;;;;;;6,5;-84
F4:1C:50:21:23:FD;-4;-80;6,5;03-12-2015 19:05:45;GT-I9515 - 1a88bbcf523c933c;23;;;;;;6,5;-80
F4:1C:50:21:23:FD;-4;-88;6,5;03-12-2015 19:06:01;GT-I9515 - 1a88bbcf523c933c;23;;;;;;6,5;-88
F4:1C:50:21:23:FD;-4;-85;6,5;03-12-2015 19:06:02;GT-I9515 - 1a88bbcf523c933c;23;;;;;;6,5;-85
F4:1C:50:21:23:FD;-4;-86;6,5;03-12-2015 19:06:33;GT-I9515 - 1a88bbcf523c933c;22;;;;;;6,5;-86
F4:1C:50:21:23:FD;-4;-82;6,5;03-12-2015 19:06:49;GT-I9515 - 1a88bbcf523c933c;22;;;;;;6,5;-82
F4:1C:50:21:23:FD;-4;-86;6,5;03-12-2015 19:07:04;GT-I9515 - 1a88bbcf523c933c;22;;;;;;6,5;-86
F4:1C:50:21:23:FD;-4;-84;6,5;03-12-2015 19:07:05;GT-I9515 - 1a88bbcf523c933c;22;;;;;;6,5;-84
F4:1C:50:21:23:FD;-4;-84;6,5;03-12-2015 19:07:06;GT-I9515 - 1a88bbcf523c933c;22;;;;;;6,5;-84
F4:1C:50:21:23:FD;-4;-84;6,5;03-12-2015 19:07:22;GT-I9515 - 1a88bbcf523c933c;22;;;;;;6,5;-84
F4:1C:50:21:23:FD;-4;-83;6,5;03-12-2015 19:08:10;GT-I9515 - 1a88bbcf523c933c;22;;;;;;6,5;-83
F4:1C:50:21:23:FD;-4;-86;6,5;03-12-2015 19:08:29;GT-I9515 - 1a88bbcf523c933c;22;;;;;;6,5;-86
F4:1C:50:21:23:FD;-4;-86;6,5;03-12-2015 19:08:30;GT-I9515 - 1a88bbcf523c933c;22;;;;;;6,5;-86
F4:1C:50:21:23:FD;-4;-86;6,5;03-12-2015 19:08:30;GT-I9515 - 1a88bbcf523c933c;22;;;;;;6,5;-86
F4:1C:50:21:23:FD;-4;-86;6,5;03-12-2015 19:08:48;GT-I9515 - 1a88bbcf523c933c;22;;;;;;6,5;-86
F4:1C:50:21:23:FD;-4;-77;7;03-12-2015 19:12:09;GT-I9515 - 1a88bbcf523c933c;19;;;;;;7;-77
F4:1C:50:21:23:FD;-4;-78;7;03-12-2015 19:12:10;GT-I9515 - 1a88bbcf523c933c;19;;;;;;7;-78
F4:1C:50:21:23:FD;-4;-78;7;03-12-2015 19:12:25;GT-I9515 - 1a88bbcf523c933c;19;;;;;;7;-78
F4:1C:50:21:23:FD;-4;-75;7;03-12-2015 19:12:41;GT-I9515 - 1a88bbcf523c933c;19;;;;;;7;-75
F4:1C:50:21:23:FD;-4;-76;7;03-12-2015 19:12:56;GT-I9515 - 1a88bbcf523c933c;19;;;;;;7;-76
F4:1C:50:21:23:FD;-4;-76;7;03-12-2015 19:12:57;GT-I9515 - 1a88bbcf523c933c;19;;;;;;7;-76
F4:1C:50:21:23:FD;-4;-74;7;03-12-2015 19:12:57;GT-I9515 - 1a88bbcf523c933c;19;;;;;;7;-74
F4:1C:50:21:23:FD;-4;-75;7;03-12-2015 19:13:30;GT-I9515 - 1a88bbcf523c933c;19;;;;;;7;-75
F4:1C:50:21:23:FD;-4;-74;7;03-12-2015 19:13:44;GT-I9515 - 1a88bbcf523c933c;18;;;;;;7;-74
F4:1C:50:21:23:FD;-4;-79;7;03-12-2015 19:14:01;GT-I9515 - 1a88bbcf523c933c;18;;;;;;7;-79
F4:1C:50:21:23:FD;-4;-77;7;03-12-2015 19:14:01;GT-I9515 - 1a88bbcf523c933c;18;;;;;;7;-77
F4:1C:50:21:23:FD;-4;-75;7;03-12-2015 19:14:02;GT-I9515 - 1a88bbcf523c933c;18;;;;;;7;-75
F4:1C:50:21:23:FD;-4;-78;7;03-12-2015 19:14:16;GT-I9515 - 1a88bbcf523c933c;18;;;;;;7;-78
F4:1C:50:21:23:FD;-4;-75;7;03-12-2015 19:14:32;GT-I9515 - 1a88bbcf523c933c;18;;;;;;7;-75
F4:1C:50:21:23:FD;-4;-75;7;03-12-2015 19:14:33;GT-I9515 - 1a88bbcf523c933c;18;;;;;;7;-75
F4:1C:50:21:23:FD;-4;-88;7,5;03-12-2015 19:15:20;GT-I9515 - 1a88bbcf523c933c;18;;;;;;7,5;-88
F4:1C:50:21:23:FD;-4;-88;7,5;03-12-2015 19:15:20;GT-I9515 - 1a88bbcf523c933c;18;;;;;;7,5;-88
F4:1C:50:21:23:FD;-4;-88;7,5;03-12-2015 19:15:22;GT-I9515 - 1a88bbcf523c933c;18;;;;;;7,5;-88
F4:1C:50:21:23:FD;-4;-88;7,5;03-12-2015 19:15:22;GT-I9515 - 1a88bbcf523c933c;18;;;;;;7,5;-88
F4:1C:50:21:23:FD;-4;-88;7,5;03-12-2015 19:15:22;GT-I9515 - 1a88bbcf523c933c;18;;;;;;7,5;-88
F4:1C:50:21:23:FD;-4;-84;7,5;03-12-2015 19:15:54;GT-I9515 - 1a88bbcf523c933c;17;;;;;;7,5;-84
F4:1C:50:21:23:FD;-4;-84;7,5;03-12-2015 19:15:54;GT-I9515 - 1a88bbcf523c933c;17;;;;;;7,5;-84
F4:1C:50:21:23:FD;-4;-85;7,5;03-12-2015 19:16:10;GT-I9515 - 1a88bbcf523c933c;17;;;;;;7,5;-85
F4:1C:50:21:23:FD;-4;-88;7,5;03-12-2015 19:16:24;GT-I9515 - 1a88bbcf523c933c;17;;;;;;7,5;-88
F4:1C:50:21:23:FD;-4;-88;7,5;03-12-2015 19:16:24;GT-I9515 - 1a88bbcf523c933c;17;;;;;;7,5;-88
F4:1C:50:21:23:FD;-4;-83;7,5;03-12-2015 19:16:42;GT-I9515 - 1a88bbcf523c933c;17;;;;;;7,5;-83
F4:1C:50:21:23:FD;-4;-83;7,5;03-12-2015 19:16:57;GT-I9515 - 1a88bbcf523c933c;17;;;;;;7,5;-83
F4:1C:50:21:23:FD;-4;-81;7,5;03-12-2015 19:18:17;GT-I9515 - 1a88bbcf523c933c;16;;;;;;7,5;-81
F4:1C:50:21:23:FD;-4;-81;7,5;03-12-2015 19:18:18;GT-I9515 - 1a88bbcf523c933c;16;;;;;;7,5;-81
F4:1C:50:21:23:FD;-4;-96;7,5;03-12-2015 19:19:08;GT-I9515 - 1a88bbcf523c933c;16;;;;;;7,5;-96
