ID beacon'a;Moc rozgłaszania;RSSI;Dystans;Czas;ID urządzenia;Poziom baterii;;;;;;Dystans;RSSI;;;
F4:1C:50:21:23:FD;4;-53;0,3;03-12-2015 14:48:07;GT-I9515 - 1a88bbcf523c933c;39;;;;;;0,3;-53;;0,3;-52,94244604
F4:1C:50:21:23:FD;4;-53;0,3;03-12-2015 14:48:08;GT-I9515 - 1a88bbcf523c933c;39;;;;;;0,3;-53;;0,5;-57,8
F4:1C:50:21:23:FD;4;-53;0,3;03-12-2015 14:48:09;GT-I9515 - 1a88bbcf523c933c;39;;;;;;0,3;-53;;0,75;-61,38235294
F4:1C:50:21:23:FD;4;-53;0,3;03-12-2015 14:48:24;GT-I9515 - 1a88bbcf523c933c;38;;;;;;0,3;-53;;1;-60
F4:1C:50:21:23:FD;4;-53;0,3;03-12-2015 14:48:40;GT-I9515 - 1a88bbcf523c933c;38;;;;;;0,3;-53;;1,5;-61,05882353
F4:1C:50:21:23:FD;4;-53;0,3;03-12-2015 14:48:40;GT-I9515 - 1a88bbcf523c933c;38;;;;;;0,3;-53;;;
F4:1C:50:21:23:FD;4;-53;0,3;03-12-2015 14:48:55;GT-I9515 - 1a88bbcf523c933c;38;;;;;;0,3;-53;;;
F4:1C:50:21:23:FD;4;-53;0,3;03-12-2015 14:49:12;GT-I9515 - 1a88bbcf523c933c;38;;;;;;0,3;-53;;;
F4:1C:50:21:23:FD;4;-53;0,3;03-12-2015 14:49:12;GT-I9515 - 1a88bbcf523c933c;38;;;;;;0,3;-53;;;
F4:1C:50:21:23:FD;4;-53;0,3;03-12-2015 14:49:13;GT-I9515 - 1a88bbcf523c933c;38;;;;;;0,3;-53;;;
F4:1C:50:21:23:FD;4;-53;0,3;03-12-2015 14:49:29;GT-I9515 - 1a88bbcf523c933c;38;;;;;;0,3;-53;;;
F4:1C:50:21:23:FD;4;-53;0,3;03-12-2015 14:49:29;GT-I9515 - 1a88bbcf523c933c;38;;;;;;0,3;-53;;;
F4:1C:50:21:23:FD;4;-53;0,3;03-12-2015 14:49:44;GT-I9515 - 1a88bbcf523c933c;38;;;;;;0,3;-53;;;
F4:1C:50:21:23:FD;4;-53;0,3;03-12-2015 14:49:44;GT-I9515 - 1a88bbcf523c933c;38;;;;;;0,3;-53;;;
F4:1C:50:21:23:FD;4;-53;0,3;03-12-2015 14:49:45;GT-I9515 - 1a88bbcf523c933c;38;;;;;;0,3;-53;;;
F4:1C:50:21:23:FD;4;-53;0,3;03-12-2015 14:50:00;GT-I9515 - 1a88bbcf523c933c;38;;;;;;0,3;-53;;;
F4:1C:50:21:23:FD;4;-53;0,3;03-12-2015 14:50:00;GT-I9515 - 1a88bbcf523c933c;38;;;;;;0,3;-53;;;
F4:1C:50:21:23:FD;4;-53;0,3;03-12-2015 14:50:01;GT-I9515 - 1a88bbcf523c933c;38;;;;;;0,3;-53;;;
F4:1C:50:21:23:FD;4;-53;0,3;03-12-2015 14:50:16;GT-I9515 - 1a88bbcf523c933c;38;;;;;;0,3;-53;;;
F4:1C:50:21:23:FD;4;-53;0,3;03-12-2015 14:50:16;GT-I9515 - 1a88bbcf523c933c;38;;;;;;0,3;-53;;;
F4:1C:50:21:23:FD;4;-53;0,3;03-12-2015 14:50:17;GT-I9515 - 1a88bbcf523c933c;38;;;;;;0,3;-53;;;
F4:1C:50:21:23:FD;4;-53;0,3;03-12-2015 14:50:32;GT-I9515 - 1a88bbcf523c933c;38;;;;;;0,3;-53;;;
F4:1C:50:21:23:FD;4;-53;0,3;03-12-2015 14:50:33;GT-I9515 - 1a88bbcf523c933c;38;;;;;;0,3;-53;;;
F4:1C:50:21:23:FD;4;-53;0,3;03-12-2015 14:50:48;GT-I9515 - 1a88bbcf523c933c;37;;;;;;0,3;-53;;;
F4:1C:50:21:23:FD;4;-53;0,3;03-12-2015 14:50:48;GT-I9515 - 1a88bbcf523c933c;37;;;;;;0,3;-53;;;
F4:1C:50:21:23:FD;4;-53;0,3;03-12-2015 14:50:49;GT-I9515 - 1a88bbcf523c933c;37;;;;;;0,3;-53;;;
F4:1C:50:21:23:FD;4;-53;0,3;03-12-2015 14:51:03;GT-I9515 - 1a88bbcf523c933c;37;;;;;;0,3;-53;;;
F4:1C:50:21:23:FD;4;-53;0,3;03-12-2015 14:51:19;GT-I9515 - 1a88bbcf523c933c;37;;;;;;0,3;-53;;;
F4:1C:50:21:23:FD;4;-53;0,3;03-12-2015 14:51:21;GT-I9515 - 1a88bbcf523c933c;37;;;;;;0,3;-53;;;
F4:1C:50:21:23:FD;4;-53;0,3;03-12-2015 14:51:21;GT-I9515 - 1a88bbcf523c933c;37;;;;;;0,3;-53;;;
F4:1C:50:21:23:FD;4;-53;0,3;03-12-2015 14:51:35;GT-I9515 - 1a88bbcf523c933c;37;;;;;;0,3;-53;;;
F4:1C:50:21:23:FD;4;-53;0,3;03-12-2015 14:51:36;GT-I9515 - 1a88bbcf523c933c;37;;;;;;0,3;-53;;;
F4:1C:50:21:23:FD;4;-53;0,3;03-12-2015 14:51:52;GT-I9515 - 1a88bbcf523c933c;37;;;;;;0,3;-53;;;
F4:1C:50:21:23:FD;4;-53;0,3;03-12-2015 14:51:53;GT-I9515 - 1a88bbcf523c933c;37;;;;;;0,3;-53;;;
F4:1C:50:21:23:FD;4;-53;0,3;03-12-2015 14:52:08;GT-I9515 - 1a88bbcf523c933c;37;;;;;;0,3;-53;;;
F4:1C:50:21:23:FD;4;-53;0,3;03-12-2015 14:52:09;GT-I9515 - 1a88bbcf523c933c;37;;;;;;0,3;-53;;;
F4:1C:50:21:23:FD;4;-53;0,3;03-12-2015 14:52:24;GT-I9515 - 1a88bbcf523c933c;36;;;;;;0,3;-53;;;
F4:1C:50:21:23:FD;4;-53;0,3;03-12-2015 14:52:25;GT-I9515 - 1a88bbcf523c933c;36;;;;;;0,3;-53;;;
F4:1C:50:21:23:FD;4;-53;0,3;03-12-2015 14:52:40;GT-I9515 - 1a88bbcf523c933c;36;;;;;;0,3;-53;;;
F4:1C:50:21:23:FD;4;-53;0,3;03-12-2015 14:52:41;GT-I9515 - 1a88bbcf523c933c;36;;;;;;0,3;-53;;;
F4:1C:50:21:23:FD;4;-53;0,3;03-12-2015 14:52:41;GT-I9515 - 1a88bbcf523c933c;36;;;;;;0,3;-53;;;
F4:1C:50:21:23:FD;4;-53;0,3;03-12-2015 14:52:56;GT-I9515 - 1a88bbcf523c933c;36;;;;;;0,3;-53;;;
F4:1C:50:21:23:FD;4;-53;0,3;03-12-2015 14:52:56;GT-I9515 - 1a88bbcf523c933c;36;;;;;;0,3;-53;;;
F4:1C:50:21:23:FD;4;-53;0,3;03-12-2015 14:52:57;GT-I9515 - 1a88bbcf523c933c;36;;;;;;0,3;-53;;;
F4:1C:50:21:23:FD;4;-53;0,3;03-12-2015 14:53:11;GT-I9515 - 1a88bbcf523c933c;36;;;;;;0,3;-53;;;
F4:1C:50:21:23:FD;4;-53;0,3;03-12-2015 14:53:12;GT-I9515 - 1a88bbcf523c933c;36;;;;;;0,3;-53;;;
F4:1C:50:21:23:FD;4;-53;0,3;03-12-2015 14:53:12;GT-I9515 - 1a88bbcf523c933c;36;;;;;;0,3;-53;;;
F4:1C:50:21:23:FD;4;-53;0,3;03-12-2015 14:53:13;GT-I9515 - 1a88bbcf523c933c;36;;;;;;0,3;-53;;;
F4:1C:50:21:23:FD;4;-53;0,3;03-12-2015 14:53:29;GT-I9515 - 1a88bbcf523c933c;36;;;;;;0,3;-53;;;
F4:1C:50:21:23:FD;4;-53;0,3;03-12-2015 14:53:44;GT-I9515 - 1a88bbcf523c933c;36;;;;;;0,3;-53;;;
F4:1C:50:21:23:FD;4;-53;0,3;03-12-2015 14:53:44;GT-I9515 - 1a88bbcf523c933c;36;;;;;;0,3;-53;;;
F4:1C:50:21:23:FD;4;-53;0,3;03-12-2015 14:53:45;GT-I9515 - 1a88bbcf523c933c;36;;;;;;0,3;-53;;;
F4:1C:50:21:23:FD;4;-53;0,3;03-12-2015 14:54:00;GT-I9515 - 1a88bbcf523c933c;36;;;;;;0,3;-53;;;
F4:1C:50:21:23:FD;4;-53;0,3;03-12-2015 14:54:16;GT-I9515 - 1a88bbcf523c933c;36;;;;;;0,3;-53;;;
F4:1C:50:21:23:FD;4;-53;0,3;03-12-2015 14:54:17;GT-I9515 - 1a88bbcf523c933c;36;;;;;;0,3;-53;;;
F4:1C:50:21:23:FD;4;-53;0,3;03-12-2015 14:54:17;GT-I9515 - 1a88bbcf523c933c;36;;;;;;0,3;-53;;;
F4:1C:50:21:23:FD;4;-53;0,3;03-12-2015 14:54:33;GT-I9515 - 1a88bbcf523c933c;36;;;;;;0,3;-53;;;
F4:1C:50:21:23:FD;4;-53;0,3;03-12-2015 14:54:48;GT-I9515 - 1a88bbcf523c933c;36;;;;;;0,3;-53;;;
F4:1C:50:21:23:FD;4;-53;0,3;03-12-2015 14:54:49;GT-I9515 - 1a88bbcf523c933c;35;;;;;;0,3;-53;;;
F4:1C:50:21:23:FD;4;-53;0,3;03-12-2015 14:54:49;GT-I9515 - 1a88bbcf523c933c;35;;;;;;0,3;-53;;;
F4:1C:50:21:23:FD;4;-53;0,3;03-12-2015 14:54:49;GT-I9515 - 1a88bbcf523c933c;35;;;;;;0,3;-53;;;
F4:1C:50:21:23:FD;4;-53;0,3;03-12-2015 14:55:03;GT-I9515 - 1a88bbcf523c933c;35;;;;;;0,3;-53;;;
F4:1C:50:21:23:FD;4;-53;0,3;03-12-2015 14:55:04;GT-I9515 - 1a88bbcf523c933c;35;;;;;;0,3;-53;;;
F4:1C:50:21:23:FD;4;-53;0,3;03-12-2015 14:55:04;GT-I9515 - 1a88bbcf523c933c;35;;;;;;0,3;-53;;;
F4:1C:50:21:23:FD;4;-53;0,3;03-12-2015 14:55:20;GT-I9515 - 1a88bbcf523c933c;35;;;;;;0,3;-53;;;
F4:1C:50:21:23:FD;4;-53;0,3;03-12-2015 14:55:20;GT-I9515 - 1a88bbcf523c933c;35;;;;;;0,3;-53;;;
F4:1C:50:21:23:FD;4;-53;0,3;03-12-2015 14:55:36;GT-I9515 - 1a88bbcf523c933c;35;;;;;;0,3;-53;;;
F4:1C:50:21:23:FD;4;-53;0,3;03-12-2015 14:55:36;GT-I9515 - 1a88bbcf523c933c;35;;;;;;0,3;-53;;;
F4:1C:50:21:23:FD;4;-53;0,3;03-12-2015 14:55:52;GT-I9515 - 1a88bbcf523c933c;35;;;;;;0,3;-53;;;
F4:1C:50:21:23:FD;4;-53;0,3;03-12-2015 14:55:52;GT-I9515 - 1a88bbcf523c933c;35;;;;;;0,3;-53;;;
F4:1C:50:21:23:FD;4;-53;0,3;03-12-2015 14:55:52;GT-I9515 - 1a88bbcf523c933c;35;;;;;;0,3;-53;;;
F4:1C:50:21:23:FD;4;-53;0,3;03-12-2015 14:56:08;GT-I9515 - 1a88bbcf523c933c;35;;;;;;0,3;-53;;;
F4:1C:50:21:23:FD;4;-53;0,3;03-12-2015 14:56:09;GT-I9515 - 1a88bbcf523c933c;35;;;;;;0,3;-53;;;
F4:1C:50:21:23:FD;4;-53;0,3;03-12-2015 14:56:09;GT-I9515 - 1a88bbcf523c933c;35;;;;;;0,3;-53;;;
F4:1C:50:21:23:FD;4;-53;0,3;03-12-2015 14:56:24;GT-I9515 - 1a88bbcf523c933c;35;;;;;;0,3;-53;;;
F4:1C:50:21:23:FD;4;-53;0,3;03-12-2015 14:56:25;GT-I9515 - 1a88bbcf523c933c;35;;;;;;0,3;-53;;;
F4:1C:50:21:23:FD;4;-53;0,3;03-12-2015 14:56:25;GT-I9515 - 1a88bbcf523c933c;35;;;;;;0,3;-53;;;
F4:1C:50:21:23:FD;4;-53;0,3;03-12-2015 14:56:25;GT-I9515 - 1a88bbcf523c933c;35;;;;;;0,3;-53;;;
F4:1C:50:21:23:FD;4;-53;0,3;03-12-2015 14:56:40;GT-I9515 - 1a88bbcf523c933c;34;;;;;;0,3;-53;;;
F4:1C:50:21:23:FD;4;-53;0,3;03-12-2015 14:56:40;GT-I9515 - 1a88bbcf523c933c;34;;;;;;0,3;-53;;;
F4:1C:50:21:23:FD;4;-53;0,3;03-12-2015 14:56:55;GT-I9515 - 1a88bbcf523c933c;34;;;;;;0,3;-53;;;
F4:1C:50:21:23:FD;4;-53;0,3;03-12-2015 14:56:56;GT-I9515 - 1a88bbcf523c933c;34;;;;;;0,3;-53;;;
F4:1C:50:21:23:FD;4;-53;0,3;03-12-2015 14:56:56;GT-I9515 - 1a88bbcf523c933c;34;;;;;;0,3;-53;;;
F4:1C:50:21:23:FD;4;-53;0,3;03-12-2015 14:57:11;GT-I9515 - 1a88bbcf523c933c;34;;;;;;0,3;-53;;;
F4:1C:50:21:23:FD;4;-53;0,3;03-12-2015 14:57:13;GT-I9515 - 1a88bbcf523c933c;34;;;;;;0,3;-53;;;
F4:1C:50:21:23:FD;4;-53;0,3;03-12-2015 14:57:13;GT-I9515 - 1a88bbcf523c933c;34;;;;;;0,3;-53;;;
F4:1C:50:21:23:FD;4;-53;0,3;03-12-2015 14:57:29;GT-I9515 - 1a88bbcf523c933c;34;;;;;;0,3;-53;;;
F4:1C:50:21:23:FD;4;-53;0,3;03-12-2015 14:57:29;GT-I9515 - 1a88bbcf523c933c;34;;;;;;0,3;-53;;;
F4:1C:50:21:23:FD;4;-52;0,3;03-12-2015 14:57:44;GT-I9515 - 1a88bbcf523c933c;34;;;;;;0,3;-52;;;
F4:1C:50:21:23:FD;4;-53;0,3;03-12-2015 14:57:44;GT-I9515 - 1a88bbcf523c933c;34;;;;;;0,3;-53;;;
F4:1C:50:21:23:FD;4;-53;0,3;03-12-2015 14:57:45;GT-I9515 - 1a88bbcf523c933c;34;;;;;;0,3;-53;;;
F4:1C:50:21:23:FD;4;-52;0,3;03-12-2015 14:58:00;GT-I9515 - 1a88bbcf523c933c;34;;;;;;0,3;-52;;;
F4:1C:50:21:23:FD;4;-52;0,3;03-12-2015 14:58:01;GT-I9515 - 1a88bbcf523c933c;34;;;;;;0,3;-52;;;
F4:1C:50:21:23:FD;4;-52;0,3;03-12-2015 14:58:17;GT-I9515 - 1a88bbcf523c933c;34;;;;;;0,3;-52;;;
F4:1C:50:21:23:FD;4;-52;0,3;03-12-2015 14:58:17;GT-I9515 - 1a88bbcf523c933c;34;;;;;;0,3;-52;;;
F4:1C:50:21:23:FD;4;-53;0,3;03-12-2015 14:58:31;GT-I9515 - 1a88bbcf523c933c;34;;;;;;0,3;-53;;;
F4:1C:50:21:23:FD;4;-53;0,3;03-12-2015 14:58:32;GT-I9515 - 1a88bbcf523c933c;34;;;;;;0,3;-53;;;
F4:1C:50:21:23:FD;4;-53;0,3;03-12-2015 14:58:49;GT-I9515 - 1a88bbcf523c933c;34;;;;;;0,3;-53;;;
F4:1C:50:21:23:FD;4;-53;0,3;03-12-2015 14:59:04;GT-I9515 - 1a88bbcf523c933c;34;;;;;;0,3;-53;;;
F4:1C:50:21:23:FD;4;-53;0,3;03-12-2015 14:59:04;GT-I9515 - 1a88bbcf523c933c;34;;;;;;0,3;-53;;;
F4:1C:50:21:23:FD;4;-53;0,3;03-12-2015 14:59:05;GT-I9515 - 1a88bbcf523c933c;34;;;;;;0,3;-53;;;
F4:1C:50:21:23:FD;4;-53;0,3;03-12-2015 14:59:21;GT-I9515 - 1a88bbcf523c933c;34;;;;;;0,3;-53;;;
F4:1C:50:21:23:FD;4;-53;0,3;03-12-2015 14:59:36;GT-I9515 - 1a88bbcf523c933c;34;;;;;;0,3;-53;;;
F4:1C:50:21:23:FD;4;-53;0,3;03-12-2015 14:59:37;GT-I9515 - 1a88bbcf523c933c;34;;;;;;0,3;-53;;;
F4:1C:50:21:23:FD;4;-53;0,3;03-12-2015 14:59:37;GT-I9515 - 1a88bbcf523c933c;34;;;;;;0,3;-53;;;
F4:1C:50:21:23:FD;4;-53;0,3;03-12-2015 14:59:51;GT-I9515 - 1a88bbcf523c933c;34;;;;;;0,3;-53;;;
F4:1C:50:21:23:FD;4;-53;0,3;03-12-2015 14:59:52;GT-I9515 - 1a88bbcf523c933c;34;;;;;;0,3;-53;;;
F4:1C:50:21:23:FD;4;-53;0,3;03-12-2015 14:59:53;GT-I9515 - 1a88bbcf523c933c;34;;;;;;0,3;-53;;;
F4:1C:50:21:23:FD;4;-53;0,3;03-12-2015 15:00:08;GT-I9515 - 1a88bbcf523c933c;34;;;;;;0,3;-53;;;
F4:1C:50:21:23:FD;4;-53;0,3;03-12-2015 15:00:09;GT-I9515 - 1a88bbcf523c933c;34;;;;;;0,3;-53;;;
F4:1C:50:21:23:FD;4;-53;0,3;03-12-2015 15:00:24;GT-I9515 - 1a88bbcf523c933c;34;;;;;;0,3;-53;;;
F4:1C:50:21:23:FD;4;-53;0,3;03-12-2015 15:00:39;GT-I9515 - 1a88bbcf523c933c;34;;;;;;0,3;-53;;;
F4:1C:50:21:23:FD;4;-53;0,3;03-12-2015 15:00:40;GT-I9515 - 1a88bbcf523c933c;34;;;;;;0,3;-53;;;
F4:1C:50:21:23:FD;4;-53;0,3;03-12-2015 15:00:41;GT-I9515 - 1a88bbcf523c933c;34;;;;;;0,3;-53;;;
F4:1C:50:21:23:FD;4;-53;0,3;03-12-2015 15:00:41;GT-I9515 - 1a88bbcf523c933c;34;;;;;;0,3;-53;;;
F4:1C:50:21:23:FD;4;-53;0,3;03-12-2015 15:00:56;GT-I9515 - 1a88bbcf523c933c;34;;;;;;0,3;-53;;;
F4:1C:50:21:23:FD;4;-53;0,3;03-12-2015 15:00:56;GT-I9515 - 1a88bbcf523c933c;34;;;;;;0,3;-53;;;
F4:1C:50:21:23:FD;4;-53;0,3;03-12-2015 15:00:57;GT-I9515 - 1a88bbcf523c933c;34;;;;;;0,3;-53;;;
F4:1C:50:21:23:FD;4;-53;0,3;03-12-2015 15:01:11;GT-I9515 - 1a88bbcf523c933c;33;;;;;;0,3;-53;;;
F4:1C:50:21:23:FD;4;-53;0,3;03-12-2015 15:01:13;GT-I9515 - 1a88bbcf523c933c;33;;;;;;0,3;-53;;;
F4:1C:50:21:23:FD;4;-53;0,3;03-12-2015 15:01:28;GT-I9515 - 1a88bbcf523c933c;33;;;;;;0,3;-53;;;
F4:1C:50:21:23:FD;4;-53;0,3;03-12-2015 15:01:29;GT-I9515 - 1a88bbcf523c933c;33;;;;;;0,3;-53;;;
F4:1C:50:21:23:FD;4;-53;0,3;03-12-2015 15:01:44;GT-I9515 - 1a88bbcf523c933c;33;;;;;;0,3;-53;;;
F4:1C:50:21:23:FD;4;-53;0,3;03-12-2015 15:01:45;GT-I9515 - 1a88bbcf523c933c;33;;;;;;0,3;-53;;;
F4:1C:50:21:23:FD;4;-53;0,3;03-12-2015 15:01:59;GT-I9515 - 1a88bbcf523c933c;33;;;;;;0,3;-53;;;
F4:1C:50:21:23:FD;4;-53;0,3;03-12-2015 15:02:01;GT-I9515 - 1a88bbcf523c933c;33;;;;;;0,3;-53;;;
F4:1C:50:21:23:FD;4;-53;0,3;03-12-2015 15:02:16;GT-I9515 - 1a88bbcf523c933c;33;;;;;;0,3;-53;;;
F4:1C:50:21:23:FD;4;-53;0,3;03-12-2015 15:02:16;GT-I9515 - 1a88bbcf523c933c;33;;;;;;0,3;-53;;;
F4:1C:50:21:23:FD;4;-53;0,3;03-12-2015 15:02:17;GT-I9515 - 1a88bbcf523c933c;33;;;;;;0,3;-53;;;
F4:1C:50:21:23:FD;4;-53;0,3;03-12-2015 15:02:47;GT-I9515 - 1a88bbcf523c933c;33;;;;;;0,3;-53;;;
F4:1C:50:21:23:FD;4;-53;0,3;03-12-2015 15:02:48;GT-I9515 - 1a88bbcf523c933c;33;;;;;;0,3;-53;;;
F4:1C:50:21:23:FD;4;-53;0,3;03-12-2015 15:02:48;GT-I9515 - 1a88bbcf523c933c;33;;;;;;0,3;-53;;;
F4:1C:50:21:23:FD;4;-53;0,3;03-12-2015 15:02:49;GT-I9515 - 1a88bbcf523c933c;33;;;;;;0,3;-53;;;
F4:1C:50:21:23:FD;4;-53;0,3;03-12-2015 15:03:05;GT-I9515 - 1a88bbcf523c933c;32;;;;;;0,3;-53;;;
F4:1C:50:21:23:FD;4;-53;0,3;03-12-2015 15:03:20;GT-I9515 - 1a88bbcf523c933c;32;;;;;;0,3;-53;;;
F4:1C:50:21:23:FD;4;-53;0,3;03-12-2015 15:03:21;GT-I9515 - 1a88bbcf523c933c;32;;;;;;0,3;-53;;;
F4:1C:50:21:23:FD;4;-53;0,3;03-12-2015 15:03:36;GT-I9515 - 1a88bbcf523c933c;32;;;;;;0,3;-53;;;
F4:1C:50:21:23:FD;4;-50;0,3;03-12-2015 15:03:37;GT-I9515 - 1a88bbcf523c933c;32;;;;;;0,3;-50;;;
F4:1C:50:21:23:FD;4;-53;0,3;03-12-2015 15:03:37;GT-I9515 - 1a88bbcf523c933c;32;;;;;;0,3;-53;;;
F4:1C:50:21:23:FD;4;-59;0,5;03-12-2015 15:04:24;GT-I9515 - 1a88bbcf523c933c;32;;;;;;0,5;-59;;;
F4:1C:50:21:23:FD;4;-59;0,5;03-12-2015 15:04:24;GT-I9515 - 1a88bbcf523c933c;32;;;;;;0,5;-59;;;
F4:1C:50:21:23:FD;4;-58;0,5;03-12-2015 15:04:40;GT-I9515 - 1a88bbcf523c933c;32;;;;;;0,5;-58;;;
F4:1C:50:21:23:FD;4;-57;0,5;03-12-2015 15:04:41;GT-I9515 - 1a88bbcf523c933c;32;;;;;;0,5;-57;;;
F4:1C:50:21:23:FD;4;-58;0,5;03-12-2015 15:04:56;GT-I9515 - 1a88bbcf523c933c;32;;;;;;0,5;-58;;;
F4:1C:50:21:23:FD;4;-58;0,5;03-12-2015 15:04:57;GT-I9515 - 1a88bbcf523c933c;32;;;;;;0,5;-58;;;
F4:1C:50:21:23:FD;4;-55;0,5;03-12-2015 15:05:11;GT-I9515 - 1a88bbcf523c933c;32;;;;;;0,5;-55;;;
F4:1C:50:21:23:FD;4;-55;0,5;03-12-2015 15:05:12;GT-I9515 - 1a88bbcf523c933c;32;;;;;;0,5;-55;;;
F4:1C:50:21:23:FD;4;-58;0,5;03-12-2015 15:05:13;GT-I9515 - 1a88bbcf523c933c;32;;;;;;0,5;-58;;;
F4:1C:50:21:23:FD;4;-58;0,5;03-12-2015 15:05:28;GT-I9515 - 1a88bbcf523c933c;32;;;;;;0,5;-58;;;
F4:1C:50:21:23:FD;4;-58;0,5;03-12-2015 15:05:28;GT-I9515 - 1a88bbcf523c933c;32;;;;;;0,5;-58;;;
F4:1C:50:21:23:FD;4;-58;0,5;03-12-2015 15:05:29;GT-I9515 - 1a88bbcf523c933c;32;;;;;;0,5;-58;;;
F4:1C:50:21:23:FD;4;-58;0,5;03-12-2015 15:05:45;GT-I9515 - 1a88bbcf523c933c;32;;;;;;0,5;-58;;;
F4:1C:50:21:23:FD;4;-58;0,5;03-12-2015 15:05:45;GT-I9515 - 1a88bbcf523c933c;32;;;;;;0,5;-58;;;
F4:1C:50:21:23:FD;4;-58;0,5;03-12-2015 15:05:45;GT-I9515 - 1a88bbcf523c933c;32;;;;;;0,5;-58;;;
F4:1C:50:21:23:FD;4;-58;0,5;03-12-2015 15:06:00;GT-I9515 - 1a88bbcf523c933c;32;;;;;;0,5;-58;;;
F4:1C:50:21:23:FD;4;-57;0,5;03-12-2015 15:06:16;GT-I9515 - 1a88bbcf523c933c;32;;;;;;0,5;-57;;;
F4:1C:50:21:23:FD;4;-58;0,5;03-12-2015 15:06:32;GT-I9515 - 1a88bbcf523c933c;32;;;;;;0,5;-58;;;
F4:1C:50:21:23:FD;4;-58;0,5;03-12-2015 15:06:32;GT-I9515 - 1a88bbcf523c933c;32;;;;;;0,5;-58;;;
F4:1C:50:21:23:FD;4;-58;0,5;03-12-2015 15:06:32;GT-I9515 - 1a88bbcf523c933c;32;;;;;;0,5;-58;;;
F4:1C:50:21:23:FD;4;-58;0,5;03-12-2015 15:06:33;GT-I9515 - 1a88bbcf523c933c;32;;;;;;0,5;-58;;;
F4:1C:50:21:23:FD;4;-58;0,5;03-12-2015 15:06:48;GT-I9515 - 1a88bbcf523c933c;32;;;;;;0,5;-58;;;
F4:1C:50:21:23:FD;4;-58;0,5;03-12-2015 15:06:48;GT-I9515 - 1a88bbcf523c933c;32;;;;;;0,5;-58;;;
F4:1C:50:21:23:FD;4;-58;0,5;03-12-2015 15:07:03;GT-I9515 - 1a88bbcf523c933c;32;;;;;;0,5;-58;;;
F4:1C:50:21:23:FD;4;-58;0,5;03-12-2015 15:07:04;GT-I9515 - 1a88bbcf523c933c;32;;;;;;0,5;-58;;;
F4:1C:50:21:23:FD;4;-58;0,5;03-12-2015 15:07:20;GT-I9515 - 1a88bbcf523c933c;32;;;;;;0,5;-58;;;
F4:1C:50:21:23:FD;4;-58;0,5;03-12-2015 15:07:21;GT-I9515 - 1a88bbcf523c933c;32;;;;;;0,5;-58;;;
F4:1C:50:21:23:FD;4;-58;0,5;03-12-2015 15:07:37;GT-I9515 - 1a88bbcf523c933c;32;;;;;;0,5;-58;;;
F4:1C:50:21:23:FD;4;-58;0,5;03-12-2015 15:07:53;GT-I9515 - 1a88bbcf523c933c;32;;;;;;0,5;-58;;;
F4:1C:50:21:23:FD;4;-58;0,5;03-12-2015 15:07:53;GT-I9515 - 1a88bbcf523c933c;32;;;;;;0,5;-58;;;
F4:1C:50:21:23:FD;4;-62;0,75;03-12-2015 15:08:56;GT-I9515 - 1a88bbcf523c933c;31;;;;;;0,75;-62;;;
F4:1C:50:21:23:FD;4;-62;0,75;03-12-2015 15:08:57;GT-I9515 - 1a88bbcf523c933c;31;;;;;;0,75;-62;;;
F4:1C:50:21:23:FD;4;-62;0,75;03-12-2015 15:09:12;GT-I9515 - 1a88bbcf523c933c;31;;;;;;0,75;-62;;;
F4:1C:50:21:23:FD;4;-62;0,75;03-12-2015 15:09:27;GT-I9515 - 1a88bbcf523c933c;31;;;;;;0,75;-62;;;
F4:1C:50:21:23:FD;4;-62;0,75;03-12-2015 15:09:28;GT-I9515 - 1a88bbcf523c933c;31;;;;;;0,75;-62;;;
F4:1C:50:21:23:FD;4;-62;0,75;03-12-2015 15:09:29;GT-I9515 - 1a88bbcf523c933c;31;;;;;;0,75;-62;;;
F4:1C:50:21:23:FD;4;-62;0,75;03-12-2015 15:09:44;GT-I9515 - 1a88bbcf523c933c;31;;;;;;0,75;-62;;;
F4:1C:50:21:23:FD;4;-62;0,75;03-12-2015 15:09:44;GT-I9515 - 1a88bbcf523c933c;31;;;;;;0,75;-62;;;
F4:1C:50:21:23:FD;4;-62;0,75;03-12-2015 15:10:00;GT-I9515 - 1a88bbcf523c933c;31;;;;;;0,75;-62;;;
F4:1C:50:21:23:FD;4;-62;0,75;03-12-2015 15:10:01;GT-I9515 - 1a88bbcf523c933c;31;;;;;;0,75;-62;;;
F4:1C:50:21:23:FD;4;-62;0,75;03-12-2015 15:10:16;GT-I9515 - 1a88bbcf523c933c;31;;;;;;0,75;-62;;;
F4:1C:50:21:23:FD;4;-62;0,75;03-12-2015 15:10:17;GT-I9515 - 1a88bbcf523c933c;31;;;;;;0,75;-62;;;
F4:1C:50:21:23:FD;4;-62;0,75;03-12-2015 15:10:17;GT-I9515 - 1a88bbcf523c933c;31;;;;;;0,75;-62;;;
F4:1C:50:21:23:FD;4;-53;0,75;03-12-2015 15:10:32;GT-I9515 - 1a88bbcf523c933c;31;;;;;;0,75;-53;;;
F4:1C:50:21:23:FD;4;-62;0,75;03-12-2015 15:10:33;GT-I9515 - 1a88bbcf523c933c;30;;;;;;0,75;-62;;;
F4:1C:50:21:23:FD;4;-62;0,75;03-12-2015 15:11:04;GT-I9515 - 1a88bbcf523c933c;30;;;;;;0,75;-62;;;
F4:1C:50:21:23:FD;4;-62;0,75;03-12-2015 15:11:04;GT-I9515 - 1a88bbcf523c933c;30;;;;;;0,75;-62;;;
F4:1C:50:21:23:FD;4;-62;0,75;03-12-2015 15:11:05;GT-I9515 - 1a88bbcf523c933c;30;;;;;;0,75;-62;;;
F4:1C:50:21:23:FD;4;-62;0,75;03-12-2015 15:11:19;GT-I9515 - 1a88bbcf523c933c;30;;;;;;0,75;-62;;;
F4:1C:50:21:23:FD;4;-62;0,75;03-12-2015 15:11:20;GT-I9515 - 1a88bbcf523c933c;30;;;;;;0,75;-62;;;
F4:1C:50:21:23:FD;4;-62;0,75;03-12-2015 15:11:21;GT-I9515 - 1a88bbcf523c933c;30;;;;;;0,75;-62;;;
F4:1C:50:21:23:FD;4;-62;0,75;03-12-2015 15:11:22;GT-I9515 - 1a88bbcf523c933c;30;;;;;;0,75;-62;;;
F4:1C:50:21:23:FD;4;-62;0,75;03-12-2015 15:11:37;GT-I9515 - 1a88bbcf523c933c;30;;;;;;0,75;-62;;;
F4:1C:50:21:23:FD;4;-62;0,75;03-12-2015 15:11:52;GT-I9515 - 1a88bbcf523c933c;30;;;;;;0,75;-62;;;
F4:1C:50:21:23:FD;4;-63;0,75;03-12-2015 15:11:52;GT-I9515 - 1a88bbcf523c933c;30;;;;;;0,75;-63;;;
F4:1C:50:21:23:FD;4;-63;0,75;03-12-2015 15:11:54;GT-I9515 - 1a88bbcf523c933c;30;;;;;;0,75;-63;;;
F4:1C:50:21:23:FD;4;-61;0,75;03-12-2015 15:14:48;GT-I9515 - 1a88bbcf523c933c;29;;;;;;0,75;-61;;;
F4:1C:50:21:23:FD;4;-61;0,75;03-12-2015 15:14:48;GT-I9515 - 1a88bbcf523c933c;29;;;;;;0,75;-61;;;
F4:1C:50:21:23:FD;4;-61;0,75;03-12-2015 15:14:49;GT-I9515 - 1a88bbcf523c933c;29;;;;;;0,75;-61;;;
F4:1C:50:21:23:FD;4;-60;0,75;03-12-2015 15:15:03;GT-I9515 - 1a88bbcf523c933c;29;;;;;;0,75;-60;;;
F4:1C:50:21:23:FD;4;-59;0,75;03-12-2015 15:15:05;GT-I9515 - 1a88bbcf523c933c;29;;;;;;0,75;-59;;;
F4:1C:50:21:23:FD;4;-60;0,75;03-12-2015 15:15:21;GT-I9515 - 1a88bbcf523c933c;29;;;;;;0,75;-60;;;
F4:1C:50:21:23:FD;4;-60;0,75;03-12-2015 15:15:21;GT-I9515 - 1a88bbcf523c933c;29;;;;;;0,75;-60;;;
F4:1C:50:21:23:FD;4;-60;0,75;03-12-2015 15:15:21;GT-I9515 - 1a88bbcf523c933c;29;;;;;;0,75;-60;;;
F4:1C:50:21:23:FD;4;-59;1;03-12-2015 15:16:08;GT-I9515 - 1a88bbcf523c933c;28;;;;;;1;-59;;;
F4:1C:50:21:23:FD;4;-60;1;03-12-2015 15:16:09;GT-I9515 - 1a88bbcf523c933c;28;;;;;;1;-60;;;
F4:1C:50:21:23:FD;4;-60;1;03-12-2015 15:16:24;GT-I9515 - 1a88bbcf523c933c;28;;;;;;1;-60;;;
F4:1C:50:21:23:FD;4;-60;1;03-12-2015 15:16:25;GT-I9515 - 1a88bbcf523c933c;28;;;;;;1;-60;;;
F4:1C:50:21:23:FD;4;-60;1;03-12-2015 15:16:39;GT-I9515 - 1a88bbcf523c933c;28;;;;;;1;-60;;;
F4:1C:50:21:23:FD;4;-60;1;03-12-2015 15:16:55;GT-I9515 - 1a88bbcf523c933c;28;;;;;;1;-60;;;
F4:1C:50:21:23:FD;4;-60;1;03-12-2015 15:17:12;GT-I9515 - 1a88bbcf523c933c;27;;;;;;1;-60;;;
F4:1C:50:21:23:FD;4;-60;1;03-12-2015 15:17:13;GT-I9515 - 1a88bbcf523c933c;27;;;;;;1;-60;;;
F4:1C:50:21:23:FD;4;-60;1;03-12-2015 15:17:28;GT-I9515 - 1a88bbcf523c933c;27;;;;;;1;-60;;;
F4:1C:50:21:23:FD;4;-60;1;03-12-2015 15:17:44;GT-I9515 - 1a88bbcf523c933c;27;;;;;;1;-60;;;
F4:1C:50:21:23:FD;4;-60;1;03-12-2015 15:18:15;GT-I9515 - 1a88bbcf523c933c;27;;;;;;1;-60;;;
F4:1C:50:21:23:FD;4;-60;1;03-12-2015 15:18:16;GT-I9515 - 1a88bbcf523c933c;27;;;;;;1;-60;;;
F4:1C:50:21:23:FD;4;-60;1;03-12-2015 15:18:16;GT-I9515 - 1a88bbcf523c933c;27;;;;;;1;-60;;;
F4:1C:50:21:23:FD;4;-60;1;03-12-2015 15:18:32;GT-I9515 - 1a88bbcf523c933c;26;;;;;;1;-60;;;
F4:1C:50:21:23:FD;4;-60;1;03-12-2015 15:18:32;GT-I9515 - 1a88bbcf523c933c;26;;;;;;1;-60;;;
F4:1C:50:21:23:FD;4;-60;1;03-12-2015 15:18:33;GT-I9515 - 1a88bbcf523c933c;26;;;;;;1;-60;;;
F4:1C:50:21:23:FD;4;-60;1;03-12-2015 15:18:48;GT-I9515 - 1a88bbcf523c933c;26;;;;;;1;-60;;;
F4:1C:50:21:23:FD;4;-60;1;03-12-2015 15:19:03;GT-I9515 - 1a88bbcf523c933c;26;;;;;;1;-60;;;
F4:1C:50:21:23:FD;4;-60;1;03-12-2015 15:19:04;GT-I9515 - 1a88bbcf523c933c;26;;;;;;1;-60;;;
F4:1C:50:21:23:FD;4;-60;1;03-12-2015 15:19:05;GT-I9515 - 1a88bbcf523c933c;26;;;;;;1;-60;;;
F4:1C:50:21:23:FD;4;-60;1;03-12-2015 15:19:21;GT-I9515 - 1a88bbcf523c933c;26;;;;;;1;-60;;;
F4:1C:50:21:23:FD;4;-61;1;03-12-2015 15:19:51;GT-I9515 - 1a88bbcf523c933c;25;;;;;;1;-61;;;
F4:1C:50:21:23:FD;4;-60;1;03-12-2015 15:19:52;GT-I9515 - 1a88bbcf523c933c;25;;;;;;1;-60;;;
F4:1C:50:21:23:FD;4;-60;1;03-12-2015 15:19:53;GT-I9515 - 1a88bbcf523c933c;25;;;;;;1;-60;;;
F4:1C:50:21:23:FD;4;-60;1;03-12-2015 15:20:08;GT-I9515 - 1a88bbcf523c933c;25;;;;;;1;-60;;;
F4:1C:50:21:23:FD;4;-60;1;03-12-2015 15:20:23;GT-I9515 - 1a88bbcf523c933c;25;;;;;;1;-60;;;
F4:1C:50:21:23:FD;4;-60;1;03-12-2015 15:20:24;GT-I9515 - 1a88bbcf523c933c;25;;;;;;1;-60;;;
F4:1C:50:21:23:FD;4;-60;1;03-12-2015 15:20:40;GT-I9515 - 1a88bbcf523c933c;25;;;;;;1;-60;;;
F4:1C:50:21:23:FD;4;-60;1,5;03-12-2015 15:21:12;GT-I9515 - 1a88bbcf523c933c;25;;;;;;1,5;-60;;;
F4:1C:50:21:23:FD;4;-61;1,5;03-12-2015 15:21:12;GT-I9515 - 1a88bbcf523c933c;25;;;;;;1,5;-61;;;
F4:1C:50:21:23:FD;4;-60;1,5;03-12-2015 15:21:28;GT-I9515 - 1a88bbcf523c933c;25;;;;;;1,5;-60;;;
F4:1C:50:21:23:FD;4;-60;1,5;03-12-2015 15:21:29;GT-I9515 - 1a88bbcf523c933c;25;;;;;;1,5;-60;;;
F4:1C:50:21:23:FD;4;-62;1,5;03-12-2015 15:21:44;GT-I9515 - 1a88bbcf523c933c;25;;;;;;1,5;-62;;;
F4:1C:50:21:23:FD;4;-60;1,5;03-12-2015 15:21:44;GT-I9515 - 1a88bbcf523c933c;25;;;;;;1,5;-60;;;
F4:1C:50:21:23:FD;4;-62;1,5;03-12-2015 15:22:00;GT-I9515 - 1a88bbcf523c933c;25;;;;;;1,5;-62;;;
F4:1C:50:21:23:FD;4;-61;1,5;03-12-2015 15:22:01;GT-I9515 - 1a88bbcf523c933c;25;;;;;;1,5;-61;;;
F4:1C:50:21:23:FD;4;-61;1,5;03-12-2015 15:22:15;GT-I9515 - 1a88bbcf523c933c;25;;;;;;1,5;-61;;;
F4:1C:50:21:23:FD;4;-61;1,5;03-12-2015 15:22:17;GT-I9515 - 1a88bbcf523c933c;25;;;;;;1,5;-61;;;
F4:1C:50:21:23:FD;4;-61;1,5;03-12-2015 15:23:03;GT-I9515 - 1a88bbcf523c933c;24;;;;;;1,5;-61;;;
F4:1C:50:21:23:FD;4;-60;1,5;03-12-2015 15:23:05;GT-I9515 - 1a88bbcf523c933c;24;;;;;;1,5;-60;;;
F4:1C:50:21:23:FD;4;-61;1,5;03-12-2015 15:23:35;GT-I9515 - 1a88bbcf523c933c;23;;;;;;1,5;-61;;;
F4:1C:50:21:23:FD;4;-61;1,5;03-12-2015 15:23:36;GT-I9515 - 1a88bbcf523c933c;23;;;;;;1,5;-61;;;
F4:1C:50:21:23:FD;4;-70;1,5;03-12-2015 15:23:52;GT-I9515 - 1a88bbcf523c933c;23;;;;;;1,5;-70;;;
F4:1C:50:21:23:FD;4;-61;1,5;03-12-2015 15:23:52;GT-I9515 - 1a88bbcf523c933c;23;;;;;;1,5;-61;;;
F4:1C:50:21:23:FD;4;-61;1,5;03-12-2015 15:24:07;GT-I9515 - 1a88bbcf523c933c;23;;;;;;1,5;-61;;;
F4:1C:50:21:23:FD;4;-61;1,5;03-12-2015 15:24:08;GT-I9515 - 1a88bbcf523c933c;23;;;;;;1,5;-61;;;
F4:1C:50:21:23:FD;4;-62;1,5;03-12-2015 15:24:09;GT-I9515 - 1a88bbcf523c933c;23;;;;;;1,5;-62;;;
F4:1C:50:21:23:FD;4;-61;1,5;03-12-2015 15:24:23;GT-I9515 - 1a88bbcf523c933c;23;;;;;;1,5;-61;;;
F4:1C:50:21:23:FD;4;-61;1,5;03-12-2015 15:24:25;GT-I9515 - 1a88bbcf523c933c;23;;;;;;1,5;-61;;;
F4:1C:50:21:23:FD;4;-61;1,5;03-12-2015 15:24:25;GT-I9515 - 1a88bbcf523c933c;23;;;;;;1,5;-61;;;
F4:1C:50:21:23:FD;4;-61;1,5;03-12-2015 15:24:39;GT-I9515 - 1a88bbcf523c933c;23;;;;;;1,5;-61;;;
F4:1C:50:21:23:FD;4;-61;1,5;03-12-2015 15:24:40;GT-I9515 - 1a88bbcf523c933c;23;;;;;;1,5;-61;;;
F4:1C:50:21:23:FD;4;-61;1,5;03-12-2015 15:24:41;GT-I9515 - 1a88bbcf523c933c;23;;;;;;1,5;-61;;;
F4:1C:50:21:23:FD;4;-61;1,5;03-12-2015 15:24:57;GT-I9515 - 1a88bbcf523c933c;23;;;;;;1,5;-61;;;
F4:1C:50:21:23:FD;4;-60;1,5;03-12-2015 15:25:11;GT-I9515 - 1a88bbcf523c933c;22;;;;;;1,5;-60;;;
F4:1C:50:21:23:FD;4;-61;1,5;03-12-2015 15:25:13;GT-I9515 - 1a88bbcf523c933c;22;;;;;;1,5;-61;;;
F4:1C:50:21:23:FD;4;-61;1,5;03-12-2015 15:25:13;GT-I9515 - 1a88bbcf523c933c;22;;;;;;1,5;-61;;;
F4:1C:50:21:23:FD;4;-60;1,5;03-12-2015 15:25:27;GT-I9515 - 1a88bbcf523c933c;22;;;;;;1,5;-60;;;
F4:1C:50:21:23:FD;4;-60;1,5;03-12-2015 15:25:28;GT-I9515 - 1a88bbcf523c933c;22;;;;;;1,5;-60;;;
F4:1C:50:21:23:FD;4;-60;1,5;03-12-2015 15:25:29;GT-I9515 - 1a88bbcf523c933c;22;;;;;;1,5;-60;;;
F4:1C:50:21:23:FD;4;-61;1,5;03-12-2015 15:25:44;GT-I9515 - 1a88bbcf523c933c;22;;;;;;1,5;-61;;;
F4:1C:50:21:23:FD;4;-60;1,5;03-12-2015 15:25:45;GT-I9515 - 1a88bbcf523c933c;22;;;;;;1,5;-60;;;
F4:1C:50:21:23:FD;4;-64;2;03-12-2015 15:26:16;GT-I9515 - 1a88bbcf523c933c;22;;;;;;2;-64;;;
F4:1C:50:21:23:FD;4;-64;2;03-12-2015 15:26:17;GT-I9515 - 1a88bbcf523c933c;22;;;;;;2;-64;;;
F4:1C:50:21:23:FD;4;-64;2;03-12-2015 15:26:17;GT-I9515 - 1a88bbcf523c933c;22;;;;;;2;-64;;;
F4:1C:50:21:23:FD;4;-64;2;03-12-2015 15:26:31;GT-I9515 - 1a88bbcf523c933c;22;;;;;;2;-64;;;
F4:1C:50:21:23:FD;4;-63;2;03-12-2015 15:26:32;GT-I9515 - 1a88bbcf523c933c;22;;;;;;2;-63;;;
F4:1C:50:21:23:FD;4;-64;2;03-12-2015 15:26:48;GT-I9515 - 1a88bbcf523c933c;22;;;;;;2;-64;;;
F4:1C:50:21:23:FD;4;-65;2;03-12-2015 15:26:48;GT-I9515 - 1a88bbcf523c933c;22;;;;;;2;-65;;;
F4:1C:50:21:23:FD;4;-65;2;03-12-2015 15:26:49;GT-I9515 - 1a88bbcf523c933c;22;;;;;;2;-65;;;
F4:1C:50:21:23:FD;4;-64;2;03-12-2015 15:27:03;GT-I9515 - 1a88bbcf523c933c;22;;;;;;2;-64;;;
F4:1C:50:21:23:FD;4;-64;2;03-12-2015 15:27:20;GT-I9515 - 1a88bbcf523c933c;21;;;;;;2;-64;;;
F4:1C:50:21:23:FD;4;-64;2;03-12-2015 15:28:08;GT-I9515 - 1a88bbcf523c933c;21;;;;;;2;-64;;;
F4:1C:50:21:23:FD;4;-64;2;03-12-2015 15:28:08;GT-I9515 - 1a88bbcf523c933c;21;;;;;;2;-64;;;
F4:1C:50:21:23:FD;4;-64;2;03-12-2015 15:28:09;GT-I9515 - 1a88bbcf523c933c;21;;;;;;2;-64;;;
F4:1C:50:21:23:FD;4;-64;2;03-12-2015 15:28:24;GT-I9515 - 1a88bbcf523c933c;21;;;;;;2;-64;;;
F4:1C:50:21:23:FD;4;-64;2;03-12-2015 15:28:24;GT-I9515 - 1a88bbcf523c933c;21;;;;;;2;-64;;;
F4:1C:50:21:23:FD;4;-64;2;03-12-2015 15:28:26;GT-I9515 - 1a88bbcf523c933c;21;;;;;;2;-64;;;
F4:1C:50:21:23:FD;4;-64;2;03-12-2015 15:28:40;GT-I9515 - 1a88bbcf523c933c;21;;;;;;2;-64;;;
F4:1C:50:21:23:FD;4;-64;2;03-12-2015 15:28:40;GT-I9515 - 1a88bbcf523c933c;21;;;;;;2;-64;;;
F4:1C:50:21:23:FD;4;-63;2;03-12-2015 15:28:56;GT-I9515 - 1a88bbcf523c933c;21;;;;;;2;-63;;;
F4:1C:50:21:23:FD;4;-64;2;03-12-2015 15:29:13;GT-I9515 - 1a88bbcf523c933c;21;;;;;;2;-64;;;
F4:1C:50:21:23:FD;4;-64;2;03-12-2015 15:29:28;GT-I9515 - 1a88bbcf523c933c;21;;;;;;2;-64;;;
F4:1C:50:21:23:FD;4;-64;2;03-12-2015 15:29:43;GT-I9515 - 1a88bbcf523c933c;20;;;;;;2;-64;;;
F4:1C:50:21:23:FD;4;-64;2;03-12-2015 15:29:44;GT-I9515 - 1a88bbcf523c933c;20;;;;;;2;-64;;;
F4:1C:50:21:23:FD;4;-64;2;03-12-2015 15:29:45;GT-I9515 - 1a88bbcf523c933c;20;;;;;;2;-64;;;
F4:1C:50:21:23:FD;4;-63;2;03-12-2015 15:29:59;GT-I9515 - 1a88bbcf523c933c;20;;;;;;2;-63;;;
F4:1C:50:21:23:FD;4;-63;2;03-12-2015 15:30:00;GT-I9515 - 1a88bbcf523c933c;20;;;;;;2;-63;;;
F4:1C:50:21:23:FD;4;-63;2;03-12-2015 15:30:16;GT-I9515 - 1a88bbcf523c933c;20;;;;;;2;-63;;;
F4:1C:50:21:23:FD;4;-68;2,5;03-12-2015 15:31:04;GT-I9515 - 1a88bbcf523c933c;20;;;;;;2,5;-68;;;
F4:1C:50:21:23:FD;4;-68;2,5;03-12-2015 15:31:04;GT-I9515 - 1a88bbcf523c933c;20;;;;;;2,5;-68;;;
F4:1C:50:21:23:FD;4;-68;2,5;03-12-2015 15:31:04;GT-I9515 - 1a88bbcf523c933c;20;;;;;;2,5;-68;;;
F4:1C:50:21:23:FD;4;-68;2,5;03-12-2015 15:31:05;GT-I9515 - 1a88bbcf523c933c;20;;;;;;2,5;-68;;;
F4:1C:50:21:23:FD;4;-69;2,5;03-12-2015 15:31:05;GT-I9515 - 1a88bbcf523c933c;20;;;;;;2,5;-69;;;
F4:1C:50:21:23:FD;4;-69;2,5;03-12-2015 15:31:05;GT-I9515 - 1a88bbcf523c933c;20;;;;;;2,5;-69;;;
F4:1C:50:21:23:FD;4;-69;2,5;03-12-2015 15:31:06;GT-I9515 - 1a88bbcf523c933c;20;;;;;;2,5;-69;;;
F4:1C:50:21:23:FD;4;-69;2,5;03-12-2015 15:31:07;GT-I9515 - 1a88bbcf523c933c;20;;;;;;2,5;-69;;;
F4:1C:50:21:23:FD;4;-72;2,5;03-12-2015 15:31:20;GT-I9515 - 1a88bbcf523c933c;20;;;;;;2,5;-72;;;
F4:1C:50:21:23:FD;4;-71;2,5;03-12-2015 15:31:20;GT-I9515 - 1a88bbcf523c933c;20;;;;;;2,5;-71;;;
F4:1C:50:21:23:FD;4;-70;2,5;03-12-2015 15:31:21;GT-I9515 - 1a88bbcf523c933c;20;;;;;;2,5;-70;;;
F4:1C:50:21:23:FD;4;-73;2,5;03-12-2015 15:31:52;GT-I9515 - 1a88bbcf523c933c;20;;;;;;2,5;-73;;;
F4:1C:50:21:23:FD;4;-73;2,5;03-12-2015 15:31:52;GT-I9515 - 1a88bbcf523c933c;20;;;;;;2,5;-73;;;
F4:1C:50:21:23:FD;4;-73;2,5;03-12-2015 15:31:55;GT-I9515 - 1a88bbcf523c933c;20;;;;;;2,5;-73;;;
F4:1C:50:21:23:FD;4;-70;2,5;03-12-2015 15:32:07;GT-I9515 - 1a88bbcf523c933c;20;;;;;;2,5;-70;;;
F4:1C:50:21:23:FD;4;-70;2,5;03-12-2015 15:32:08;GT-I9515 - 1a88bbcf523c933c;20;;;;;;2,5;-70;;;
F4:1C:50:21:23:FD;4;-70;2,5;03-12-2015 15:32:09;GT-I9515 - 1a88bbcf523c933c;20;;;;;;2,5;-70;;;
F4:1C:50:21:23:FD;4;-71;2,5;03-12-2015 15:32:23;GT-I9515 - 1a88bbcf523c933c;19;;;;;;2,5;-71;;;
F4:1C:50:21:23:FD;4;-70;2,5;03-12-2015 15:32:26;GT-I9515 - 1a88bbcf523c933c;19;;;;;;2,5;-70;;;
F4:1C:50:21:23:FD;4;-70;2,5;03-12-2015 15:32:40;GT-I9515 - 1a88bbcf523c933c;19;;;;;;2,5;-70;;;
F4:1C:50:21:23:FD;4;-71;2,5;03-12-2015 15:32:40;GT-I9515 - 1a88bbcf523c933c;19;;;;;;2,5;-71;;;
F4:1C:50:21:23:FD;4;-71;2,5;03-12-2015 15:32:41;GT-I9515 - 1a88bbcf523c933c;19;;;;;;2,5;-71;;;
F4:1C:50:21:23:FD;4;-70;2,5;03-12-2015 15:32:56;GT-I9515 - 1a88bbcf523c933c;19;;;;;;2,5;-70;;;
F4:1C:50:21:23:FD;4;-72;2,5;03-12-2015 15:32:56;GT-I9515 - 1a88bbcf523c933c;19;;;;;;2,5;-72;;;
F4:1C:50:21:23:FD;4;-71;2,5;03-12-2015 15:32:57;GT-I9515 - 1a88bbcf523c933c;19;;;;;;2,5;-71;;;
F4:1C:50:21:23:FD;4;-71;2,5;03-12-2015 15:33:13;GT-I9515 - 1a88bbcf523c933c;19;;;;;;2,5;-71;;;
F4:1C:50:21:23:FD;4;-70;2,5;03-12-2015 15:33:27;GT-I9515 - 1a88bbcf523c933c;19;;;;;;2,5;-70;;;
F4:1C:50:21:23:FD;4;-70;2,5;03-12-2015 15:33:28;GT-I9515 - 1a88bbcf523c933c;19;;;;;;2,5;-70;;;
F4:1C:50:21:23:FD;4;-70;2,5;03-12-2015 15:33:45;GT-I9515 - 1a88bbcf523c933c;19;;;;;;2,5;-70;;;
F4:1C:50:21:23:FD;4;-69;2,5;03-12-2015 15:34:00;GT-I9515 - 1a88bbcf523c933c;19;;;;;;2,5;-69;;;
F4:1C:50:21:23:FD;4;-70;2,5;03-12-2015 15:34:00;GT-I9515 - 1a88bbcf523c933c;19;;;;;;2,5;-70;;;
F4:1C:50:21:23:FD;4;-70;2,5;03-12-2015 15:34:01;GT-I9515 - 1a88bbcf523c933c;19;;;;;;2,5;-70;;;
F4:1C:50:21:23:FD;4;-70;2,5;03-12-2015 15:34:16;GT-I9515 - 1a88bbcf523c933c;19;;;;;;2,5;-70;;;
F4:1C:50:21:23:FD;4;-70;2,5;03-12-2015 15:34:16;GT-I9515 - 1a88bbcf523c933c;19;;;;;;2,5;-70;;;
F4:1C:50:21:23:FD;4;-70;2,5;03-12-2015 15:34:17;GT-I9515 - 1a88bbcf523c933c;19;;;;;;2,5;-70;;;
F4:1C:50:21:23:FD;4;-70;2,5;03-12-2015 15:34:31;GT-I9515 - 1a88bbcf523c933c;19;;;;;;2,5;-70;;;
F4:1C:50:21:23:FD;4;-70;2,5;03-12-2015 15:34:32;GT-I9515 - 1a88bbcf523c933c;19;;;;;;2,5;-70;;;
F4:1C:50:21:23:FD;4;-70;2,5;03-12-2015 15:34:32;GT-I9515 - 1a88bbcf523c933c;19;;;;;;2,5;-70;;;
F4:1C:50:21:23:FD;4;-70;2,5;03-12-2015 15:34:47;GT-I9515 - 1a88bbcf523c933c;19;;;;;;2,5;-70;;;
F4:1C:50:21:23:FD;4;-70;2,5;03-12-2015 15:34:49;GT-I9515 - 1a88bbcf523c933c;19;;;;;;2,5;-70;;;
F4:1C:50:21:23:FD;4;-70;2,5;03-12-2015 15:34:49;GT-I9515 - 1a88bbcf523c933c;19;;;;;;2,5;-70;;;
F4:1C:50:21:23:FD;4;-81;3;03-12-2015 15:35:20;GT-I9515 - 1a88bbcf523c933c;18;;;;;;3;-81;;;
F4:1C:50:21:23:FD;4;-78;3;03-12-2015 15:35:21;GT-I9515 - 1a88bbcf523c933c;18;;;;;;3;-78;;;
F4:1C:50:21:23:FD;4;-79;3;03-12-2015 15:35:22;GT-I9515 - 1a88bbcf523c933c;18;;;;;;3;-79;;;
F4:1C:50:21:23:FD;4;-76;3;03-12-2015 15:35:36;GT-I9515 - 1a88bbcf523c933c;18;;;;;;3;-76;;;
F4:1C:50:21:23:FD;4;-77;3;03-12-2015 15:35:51;GT-I9515 - 1a88bbcf523c933c;18;;;;;;3;-77;;;
F4:1C:50:21:23:FD;4;-77;3;03-12-2015 15:35:57;GT-I9515 - 1a88bbcf523c933c;18;;;;;;3;-77;;;
F4:1C:50:21:23:FD;4;-76;3;03-12-2015 15:36:08;GT-I9515 - 1a88bbcf523c933c;18;;;;;;3;-76;;;
F4:1C:50:21:23:FD;4;-76;3;03-12-2015 15:36:08;GT-I9515 - 1a88bbcf523c933c;18;;;;;;3;-76;;;
F4:1C:50:21:23:FD;4;-81;3;03-12-2015 15:36:24;GT-I9515 - 1a88bbcf523c933c;18;;;;;;3;-81;;;
F4:1C:50:21:23:FD;4;-79;3;03-12-2015 15:36:25;GT-I9515 - 1a88bbcf523c933c;18;;;;;;3;-79;;;
F4:1C:50:21:23:FD;4;-77;3;03-12-2015 15:36:40;GT-I9515 - 1a88bbcf523c933c;18;;;;;;3;-77;;;
F4:1C:50:21:23:FD;4;-77;3;03-12-2015 15:36:41;GT-I9515 - 1a88bbcf523c933c;18;;;;;;3;-77;;;
F4:1C:50:21:23:FD;4;-77;3;03-12-2015 15:36:56;GT-I9515 - 1a88bbcf523c933c;18;;;;;;3;-77;;;
F4:1C:50:21:23:FD;4;-78;3;03-12-2015 15:36:56;GT-I9515 - 1a88bbcf523c933c;18;;;;;;3;-78;;;
F4:1C:50:21:23:FD;4;-76;3;03-12-2015 15:37:11;GT-I9515 - 1a88bbcf523c933c;18;;;;;;3;-76;;;
F4:1C:50:21:23:FD;4;-76;3;03-12-2015 15:37:12;GT-I9515 - 1a88bbcf523c933c;18;;;;;;3;-76;;;
F4:1C:50:21:23:FD;4;-77;3;03-12-2015 15:37:13;GT-I9515 - 1a88bbcf523c933c;18;;;;;;3;-77;;;
F4:1C:50:21:23:FD;4;-77;3;03-12-2015 15:37:13;GT-I9515 - 1a88bbcf523c933c;18;;;;;;3;-77;;;
F4:1C:50:21:23:FD;4;-77;3;03-12-2015 15:37:28;GT-I9515 - 1a88bbcf523c933c;18;;;;;;3;-77;;;
F4:1C:50:21:23:FD;4;-76;3;03-12-2015 15:37:29;GT-I9515 - 1a88bbcf523c933c;18;;;;;;3;-76;;;
F4:1C:50:21:23:FD;4;-77;3;03-12-2015 15:41:29;GT-I9515 - 1a88bbcf523c933c;16;;;;;;3;-77;;;
F4:1C:50:21:23:FD;4;-78;3;03-12-2015 15:41:43;GT-I9515 - 1a88bbcf523c933c;16;;;;;;3;-78;;;
F4:1C:50:21:23:FD;4;-76;3;03-12-2015 15:41:44;GT-I9515 - 1a88bbcf523c933c;16;;;;;;3;-76;;;
F4:1C:50:21:23:FD;4;-77;3;03-12-2015 15:41:45;GT-I9515 - 1a88bbcf523c933c;16;;;;;;3;-77;;;
F4:1C:50:21:23:FD;4;-73;3;03-12-2015 15:42:03;GT-I9515 - 1a88bbcf523c933c;16;;;;;;3;-73;;;
F4:1C:50:21:23:FD;4;-73;3;03-12-2015 15:42:04;GT-I9515 - 1a88bbcf523c933c;16;;;;;;3;-73;;;
F4:1C:50:21:23:FD;4;-80;3;03-12-2015 15:42:15;GT-I9515 - 1a88bbcf523c933c;15;;;;;;3;-80;;;
F4:1C:50:21:23:FD;4;-81;3;03-12-2015 15:42:16;GT-I9515 - 1a88bbcf523c933c;15;;;;;;3;-81;;;
F4:1C:50:21:23:FD;4;-63;3;03-12-2015 15:42:31;GT-I9515 - 1a88bbcf523c933c;15;;;;;;3;-63;;;
F4:1C:50:21:23:FD;4;-80;3;03-12-2015 15:42:33;GT-I9515 - 1a88bbcf523c933c;15;;;;;;3;-80;;;
F4:1C:50:21:23:FD;4;-76;3;03-12-2015 15:42:52;GT-I9515 - 1a88bbcf523c933c;15;;;;;;3;-76;;;
F4:1C:50:21:23:FD;4;-76;3;03-12-2015 15:42:52;GT-I9515 - 1a88bbcf523c933c;15;;;;;;3;-76;;;
F4:1C:50:21:23:FD;4;-75;3;03-12-2015 15:43:04;GT-I9515 - 1a88bbcf523c933c;15;;;;;;3;-75;;;
F4:1C:50:21:23:FD;4;-76;3;03-12-2015 15:43:05;GT-I9515 - 1a88bbcf523c933c;15;;;;;;3;-76;;;
F4:1C:50:21:23:FD;4;-75;3;03-12-2015 15:43:06;GT-I9515 - 1a88bbcf523c933c;15;;;;;;3;-75;;;
F4:1C:50:21:23:FD;4;-76;3;03-12-2015 15:43:20;GT-I9515 - 1a88bbcf523c933c;15;;;;;;3;-76;;;
F4:1C:50:21:23:FD;4;-76;3;03-12-2015 15:43:21;GT-I9515 - 1a88bbcf523c933c;15;;;;;;3;-76;;;
F4:1C:50:21:23:FD;4;-76;3;03-12-2015 15:43:21;GT-I9515 - 1a88bbcf523c933c;15;;;;;;3;-76;;;
F4:1C:50:21:23:FD;4;-77;3;03-12-2015 15:43:36;GT-I9515 - 1a88bbcf523c933c;15;;;;;;3;-77;;;
F4:1C:50:21:23:FD;4;-76;3;03-12-2015 15:43:39;GT-I9515 - 1a88bbcf523c933c;15;;;;;;3;-76;;;
F4:1C:50:21:23:FD;4;-76;3;03-12-2015 15:43:52;GT-I9515 - 1a88bbcf523c933c;15;;;;;;3;-76;;;
F4:1C:50:21:23:FD;4;-77;3;03-12-2015 15:43:53;GT-I9515 - 1a88bbcf523c933c;15;;;;;;3;-77;;;
F4:1C:50:21:23:FD;4;-76;3;03-12-2015 15:44:07;GT-I9515 - 1a88bbcf523c933c;15;;;;;;3;-76;;;
F4:1C:50:21:23:FD;4;-76;3;03-12-2015 15:44:09;GT-I9515 - 1a88bbcf523c933c;15;;;;;;3;-76;;;
F4:1C:50:21:23:FD;4;-68;3,5;03-12-2015 15:44:55;GT-I9515 - 1a88bbcf523c933c;14;;;;;;3,5;-68;;;
F4:1C:50:21:23:FD;4;-70;3,5;03-12-2015 15:44:56;GT-I9515 - 1a88bbcf523c933c;14;;;;;;3,5;-70;;;
F4:1C:50:21:23:FD;4;-67;3,5;03-12-2015 15:45:11;GT-I9515 - 1a88bbcf523c933c;14;;;;;;3,5;-67;;;
F4:1C:50:21:23:FD;4;-67;3,5;03-12-2015 15:45:12;GT-I9515 - 1a88bbcf523c933c;14;;;;;;3,5;-67;;;
F4:1C:50:21:23:FD;4;-67;3,5;03-12-2015 15:45:12;GT-I9515 - 1a88bbcf523c933c;14;;;;;;3,5;-67;;;
F4:1C:50:21:23:FD;4;-68;3,5;03-12-2015 15:45:28;GT-I9515 - 1a88bbcf523c933c;14;;;;;;3,5;-68;;;
F4:1C:50:21:23:FD;4;-70;3,5;03-12-2015 15:45:44;GT-I9515 - 1a88bbcf523c933c;14;;;;;;3,5;-70;;;
F4:1C:50:21:23:FD;4;-68;3,5;03-12-2015 15:45:44;GT-I9515 - 1a88bbcf523c933c;14;;;;;;3,5;-68;;;
F4:1C:50:21:23:FD;4;-72;3,5;03-12-2015 15:45:59;GT-I9515 - 1a88bbcf523c933c;14;;;;;;3,5;-72;;;
F4:1C:50:21:23:FD;4;-72;3,5;03-12-2015 15:46:00;GT-I9515 - 1a88bbcf523c933c;14;;;;;;3,5;-72;;;
F4:1C:50:21:23:FD;4;-72;3,5;03-12-2015 15:46:03;GT-I9515 - 1a88bbcf523c933c;14;;;;;;3,5;-72;;;
F4:1C:50:21:23:FD;4;-70;3,5;03-12-2015 15:46:16;GT-I9515 - 1a88bbcf523c933c;14;;;;;;3,5;-70;;;
F4:1C:50:21:23:FD;4;-70;3,5;03-12-2015 15:46:16;GT-I9515 - 1a88bbcf523c933c;14;;;;;;3,5;-70;;;
F4:1C:50:21:23:FD;4;-70;3,5;03-12-2015 15:46:19;GT-I9515 - 1a88bbcf523c933c;14;;;;;;3,5;-70;;;
F4:1C:50:21:23:FD;4;-70;3,5;03-12-2015 15:46:19;GT-I9515 - 1a88bbcf523c933c;14;;;;;;3,5;-70;;;
F4:1C:50:21:23:FD;4;-71;3,5;03-12-2015 15:46:33;GT-I9515 - 1a88bbcf523c933c;14;;;;;;3,5;-71;;;
F4:1C:50:21:23:FD;4;-71;3,5;03-12-2015 15:46:51;GT-I9515 - 1a88bbcf523c933c;14;;;;;;3,5;-71;;;
F4:1C:50:21:23:FD;4;-70;3,5;03-12-2015 15:47:03;GT-I9515 - 1a88bbcf523c933c;14;;;;;;3,5;-70;;;
F4:1C:50:21:23:FD;4;-70;3,5;03-12-2015 15:47:04;GT-I9515 - 1a88bbcf523c933c;14;;;;;;3,5;-70;;;
F4:1C:50:21:23:FD;4;-70;3,5;03-12-2015 15:47:05;GT-I9515 - 1a88bbcf523c933c;14;;;;;;3,5;-70;;;
F4:1C:50:21:23:FD;4;-70;3,5;03-12-2015 15:47:06;GT-I9515 - 1a88bbcf523c933c;14;;;;;;3,5;-70;;;
F4:1C:50:21:23:FD;4;-72;3,5;03-12-2015 15:47:19;GT-I9515 - 1a88bbcf523c933c;14;;;;;;3,5;-72;;;
F4:1C:50:21:23:FD;4;-70;3,5;03-12-2015 15:47:20;GT-I9515 - 1a88bbcf523c933c;14;;;;;;3,5;-70;;;
F4:1C:50:21:23:FD;4;-70;3,5;03-12-2015 15:47:23;GT-I9515 - 1a88bbcf523c933c;14;;;;;;3,5;-70;;;
F4:1C:50:21:23:FD;4;-70;3,5;03-12-2015 15:47:36;GT-I9515 - 1a88bbcf523c933c;14;;;;;;3,5;-70;;;
F4:1C:50:21:23:FD;4;-71;3,5;03-12-2015 15:47:53;GT-I9515 - 1a88bbcf523c933c;14;;;;;;3,5;-71;;;
F4:1C:50:21:23:FD;4;-71;3,5;03-12-2015 15:47:55;GT-I9515 - 1a88bbcf523c933c;14;;;;;;3,5;-71;;;
F4:1C:50:21:23:FD;4;-70;3,5;03-12-2015 15:48:07;GT-I9515 - 1a88bbcf523c933c;14;;;;;;3,5;-70;;;
F4:1C:50:21:23:FD;4;-70;3,5;03-12-2015 15:48:07;GT-I9515 - 1a88bbcf523c933c;14;;;;;;3,5;-70;;;
F4:1C:50:21:23:FD;4;-71;3,5;03-12-2015 15:48:08;GT-I9515 - 1a88bbcf523c933c;14;;;;;;3,5;-71;;;
F4:1C:50:21:23:FD;4;-72;3,5;03-12-2015 15:48:25;GT-I9515 - 1a88bbcf523c933c;14;;;;;;3,5;-72;;;
F4:1C:50:21:23:FD;4;-72;3,5;03-12-2015 15:48:39;GT-I9515 - 1a88bbcf523c933c;13;;;;;;3,5;-72;;;
F4:1C:50:21:23:FD;4;-71;3,5;03-12-2015 15:48:41;GT-I9515 - 1a88bbcf523c933c;13;;;;;;3,5;-71;;;
F4:1C:50:21:23:FD;4;-71;3,5;03-12-2015 15:48:41;GT-I9515 - 1a88bbcf523c933c;13;;;;;;3,5;-71;;;
F4:1C:50:21:23:FD;4;-69;3,5;03-12-2015 15:48:56;GT-I9515 - 1a88bbcf523c933c;13;;;;;;3,5;-69;;;
F4:1C:50:21:23:FD;4;-69;3,5;03-12-2015 15:48:57;GT-I9515 - 1a88bbcf523c933c;13;;;;;;3,5;-69;;;
F4:1C:50:21:23:FD;4;-71;3,5;03-12-2015 15:48:57;GT-I9515 - 1a88bbcf523c933c;13;;;;;;3,5;-71;;;
F4:1C:50:21:23:FD;4;-72;3,5;03-12-2015 15:49:11;GT-I9515 - 1a88bbcf523c933c;13;;;;;;3,5;-72;;;
F4:1C:50:21:23:FD;4;-72;3,5;03-12-2015 15:49:11;GT-I9515 - 1a88bbcf523c933c;13;;;;;;3,5;-72;;;
F4:1C:50:21:23:FD;4;-71;3,5;03-12-2015 15:49:12;GT-I9515 - 1a88bbcf523c933c;13;;;;;;3,5;-71;;;
F4:1C:50:21:23:FD;4;-72;3,5;03-12-2015 15:49:16;GT-I9515 - 1a88bbcf523c933c;13;;;;;;3,5;-72;;;
F4:1C:50:21:23:FD;4;-84;4;03-12-2015 15:50:15;GT-I9515 - 1a88bbcf523c933c;13;;;;;;4;-84;;;
F4:1C:50:21:23:FD;4;-84;4;03-12-2015 15:50:15;GT-I9515 - 1a88bbcf523c933c;13;;;;;;4;-84;;;
F4:1C:50:21:23:FD;4;-84;4;03-12-2015 15:50:16;GT-I9515 - 1a88bbcf523c933c;13;;;;;;4;-84;;;
F4:1C:50:21:23:FD;4;-68;4;03-12-2015 15:50:39;GT-I9515 - 1a88bbcf523c933c;13;;;;;;4;-68;;;
F4:1C:50:21:23:FD;4;-82;4;03-12-2015 15:50:41;GT-I9515 - 1a88bbcf523c933c;12;;;;;;4;-82;;;
F4:1C:50:21:23:FD;4;-82;4;03-12-2015 15:50:41;GT-I9515 - 1a88bbcf523c933c;12;;;;;;4;-82;;;
F4:1C:50:21:23:FD;4;-82;4;03-12-2015 15:50:42;GT-I9515 - 1a88bbcf523c933c;12;;;;;;4;-82;;;
F4:1C:50:21:23:FD;4;-82;4;03-12-2015 15:51:30;GT-I9515 - 1a88bbcf523c933c;12;;;;;;4;-82;;;
F4:1C:50:21:23:FD;4;-75;4;03-12-2015 15:51:35;GT-I9515 - 1a88bbcf523c933c;12;;;;;;4;-75;;;
F4:1C:50:21:23:FD;4;-75;4;03-12-2015 15:51:36;GT-I9515 - 1a88bbcf523c933c;12;;;;;;4;-75;;;
F4:1C:50:21:23:FD;4;-75;4;03-12-2015 15:51:36;GT-I9515 - 1a88bbcf523c933c;12;;;;;;4;-75;;;
F4:1C:50:21:23:FD;4;-75;4;03-12-2015 15:51:36;GT-I9515 - 1a88bbcf523c933c;12;;;;;;4;-75;;;
F4:1C:50:21:23:FD;4;-75;4;03-12-2015 15:51:36;GT-I9515 - 1a88bbcf523c933c;12;;;;;;4;-75;;;
F4:1C:50:21:23:FD;4;-75;4;03-12-2015 15:51:37;GT-I9515 - 1a88bbcf523c933c;12;;;;;;4;-75;;;
F4:1C:50:21:23:FD;4;-75;4;03-12-2015 15:51:37;GT-I9515 - 1a88bbcf523c933c;12;;;;;;4;-75;;;
F4:1C:50:21:23:FD;4;-75;4;03-12-2015 15:51:37;GT-I9515 - 1a88bbcf523c933c;12;;;;;;4;-75;;;
F4:1C:50:21:23:FD;4;-75;4;03-12-2015 15:51:37;GT-I9515 - 1a88bbcf523c933c;12;;;;;;4;-75;;;
F4:1C:50:21:23:FD;4;-73;4;03-12-2015 15:51:51;GT-I9515 - 1a88bbcf523c933c;12;;;;;;4;-73;;;
F4:1C:50:21:23:FD;4;-74;4;03-12-2015 15:51:52;GT-I9515 - 1a88bbcf523c933c;12;;;;;;4;-74;;;
F4:1C:50:21:23:FD;4;-73;4;03-12-2015 15:52:07;GT-I9515 - 1a88bbcf523c933c;12;;;;;;4;-73;;;
F4:1C:50:21:23:FD;4;-73;4;03-12-2015 15:52:08;GT-I9515 - 1a88bbcf523c933c;12;;;;;;4;-73;;;
F4:1C:50:21:23:FD;4;-75;4;03-12-2015 15:52:41;GT-I9515 - 1a88bbcf523c933c;12;;;;;;4;-75;;;
F4:1C:50:21:23:FD;4;-77;4;03-12-2015 15:52:56;GT-I9515 - 1a88bbcf523c933c;12;;;;;;4;-77;;;
F4:1C:50:21:23:FD;4;-76;4;03-12-2015 15:52:57;GT-I9515 - 1a88bbcf523c933c;12;;;;;;4;-76;;;
F4:1C:50:21:23:FD;4;-76;4;03-12-2015 15:53:12;GT-I9515 - 1a88bbcf523c933c;11;;;;;;4;-76;;;
F4:1C:50:21:23:FD;4;-77;4;03-12-2015 15:53:27;GT-I9515 - 1a88bbcf523c933c;11;;;;;;4;-77;;;
F4:1C:50:21:23:FD;4;-77;4;03-12-2015 15:53:44;GT-I9515 - 1a88bbcf523c933c;11;;;;;;4;-77;;;
F4:1C:50:21:23:FD;4;-76;4;03-12-2015 15:53:45;GT-I9515 - 1a88bbcf523c933c;11;;;;;;4;-76;;;
F4:1C:50:21:23:FD;4;-77;4;03-12-2015 15:53:59;GT-I9515 - 1a88bbcf523c933c;11;;;;;;4;-77;;;
F4:1C:50:21:23:FD;4;-80;4;03-12-2015 15:54:01;GT-I9515 - 1a88bbcf523c933c;11;;;;;;4;-80;;;
F4:1C:50:21:23:FD;4;-82;4;03-12-2015 15:54:16;GT-I9515 - 1a88bbcf523c933c;11;;;;;;4;-82;;;
F4:1C:50:21:23:FD;4;-86;4;03-12-2015 15:54:17;GT-I9515 - 1a88bbcf523c933c;11;;;;;;4;-86;;;
F4:1C:50:21:23:FD;4;-83;4;03-12-2015 15:54:32;GT-I9515 - 1a88bbcf523c933c;11;;;;;;4;-83;;;
F4:1C:50:21:23:FD;4;-83;4;03-12-2015 15:54:36;GT-I9515 - 1a88bbcf523c933c;11;;;;;;4;-83;;;
F4:1C:50:21:23:FD;4;-77;4;03-12-2015 15:55:04;GT-I9515 - 1a88bbcf523c933c;10;;;;;;4;-77;;;
F4:1C:50:21:23:FD;4;-76;4;03-12-2015 15:55:04;GT-I9515 - 1a88bbcf523c933c;10;;;;;;4;-76;;;
F4:1C:50:21:23:FD;4;-79;4;03-12-2015 15:55:20;GT-I9515 - 1a88bbcf523c933c;10;;;;;;4;-79;;;
F4:1C:50:21:23:FD;4;-77;4;03-12-2015 15:56:08;GT-I9515 - 1a88bbcf523c933c;10;;;;;;4;-77;;;
F4:1C:50:21:23:FD;4;-79;4;03-12-2015 15:56:09;GT-I9515 - 1a88bbcf523c933c;10;;;;;;4;-79;;;
F4:1C:50:21:23:FD;4;-77;4;03-12-2015 15:56:23;GT-I9515 - 1a88bbcf523c933c;10;;;;;;4;-77;;;
F4:1C:50:21:23:FD;4;-76;4;03-12-2015 15:56:25;GT-I9515 - 1a88bbcf523c933c;10;;;;;;4;-76;;;
F4:1C:50:21:23:FD;4;-76;4;03-12-2015 15:56:26;GT-I9515 - 1a88bbcf523c933c;10;;;;;;4;-76;;;
F4:1C:50:21:23:FD;4;-66;4,5;03-12-2015 18:11:48;GT-I9515 - 1a88bbcf523c933c;45;;;;;;4,5;-66;;;
F4:1C:50:21:23:FD;4;-67;4,5;03-12-2015 18:12:20;GT-I9515 - 1a88bbcf523c933c;45;;;;;;4,5;-67;;;
F4:1C:50:21:23:FD;4;-67;4,5;03-12-2015 18:12:21;GT-I9515 - 1a88bbcf523c933c;45;;;;;;4,5;-67;;;
F4:1C:50:21:23:FD;4;-67;4,5;03-12-2015 18:12:36;GT-I9515 - 1a88bbcf523c933c;45;;;;;;4,5;-67;;;
F4:1C:50:21:23:FD;4;-66;4,5;03-12-2015 18:12:37;GT-I9515 - 1a88bbcf523c933c;45;;;;;;4,5;-66;;;
F4:1C:50:21:23:FD;4;-67;4,5;03-12-2015 18:12:52;GT-I9515 - 1a88bbcf523c933c;45;;;;;;4,5;-67;;;
F4:1C:50:21:23:FD;4;-67;4,5;03-12-2015 18:12:52;GT-I9515 - 1a88bbcf523c933c;45;;;;;;4,5;-67;;;
F4:1C:50:21:23:FD;4;-67;4,5;03-12-2015 18:13:08;GT-I9515 - 1a88bbcf523c933c;44;;;;;;4,5;-67;;;
F4:1C:50:21:23:FD;4;-67;4,5;03-12-2015 18:13:08;GT-I9515 - 1a88bbcf523c933c;44;;;;;;4,5;-67;;;
F4:1C:50:21:23:FD;4;-67;4,5;03-12-2015 18:13:08;GT-I9515 - 1a88bbcf523c933c;44;;;;;;4,5;-67;;;
F4:1C:50:21:23:FD;4;-66;4,5;03-12-2015 18:13:25;GT-I9515 - 1a88bbcf523c933c;44;;;;;;4,5;-66;;;
F4:1C:50:21:23:FD;4;-66;4,5;03-12-2015 18:13:40;GT-I9515 - 1a88bbcf523c933c;44;;;;;;4,5;-66;;;
F4:1C:50:21:23:FD;4;-66;4,5;03-12-2015 18:13:41;GT-I9515 - 1a88bbcf523c933c;44;;;;;;4,5;-66;;;
F4:1C:50:21:23:FD;4;-66;4,5;03-12-2015 18:13:55;GT-I9515 - 1a88bbcf523c933c;44;;;;;;4,5;-66;;;
F4:1C:50:21:23:FD;4;-67;4,5;03-12-2015 18:13:56;GT-I9515 - 1a88bbcf523c933c;44;;;;;;4,5;-67;;;
F4:1C:50:21:23:FD;4;-67;4,5;03-12-2015 18:13:57;GT-I9515 - 1a88bbcf523c933c;44;;;;;;4,5;-67;;;
F4:1C:50:21:23:FD;4;-67;4,5;03-12-2015 18:14:13;GT-I9515 - 1a88bbcf523c933c;44;;;;;;4,5;-67;;;
F4:1C:50:21:23:FD;4;-66;4,5;03-12-2015 18:14:29;GT-I9515 - 1a88bbcf523c933c;44;;;;;;4,5;-66;;;
F4:1C:50:21:23:FD;4;-67;4,5;03-12-2015 18:14:45;GT-I9515 - 1a88bbcf523c933c;44;;;;;;4,5;-67;;;
F4:1C:50:21:23:FD;4;-66;4,5;03-12-2015 18:15:00;GT-I9515 - 1a88bbcf523c933c;44;;;;;;4,5;-66;;;
F4:1C:50:21:23:FD;4;-66;4,5;03-12-2015 18:15:16;GT-I9515 - 1a88bbcf523c933c;44;;;;;;4,5;-66;;;
F4:1C:50:21:23:FD;4;-67;4,5;03-12-2015 18:15:32;GT-I9515 - 1a88bbcf523c933c;43;;;;;;4,5;-67;;;
F4:1C:50:21:23:FD;4;-66;4,5;03-12-2015 18:15:33;GT-I9515 - 1a88bbcf523c933c;43;;;;;;4,5;-66;;;
F4:1C:50:21:23:FD;4;-68;4,5;03-12-2015 18:15:48;GT-I9515 - 1a88bbcf523c933c;43;;;;;;4,5;-68;;;
F4:1C:50:21:23:FD;4;-68;4,5;03-12-2015 18:15:49;GT-I9515 - 1a88bbcf523c933c;43;;;;;;4,5;-68;;;
F4:1C:50:21:23:FD;4;-70;4,5;03-12-2015 18:16:04;GT-I9515 - 1a88bbcf523c933c;43;;;;;;4,5;-70;;;
F4:1C:50:21:23:FD;4;-67;4,5;03-12-2015 18:16:20;GT-I9515 - 1a88bbcf523c933c;43;;;;;;4,5;-67;;;
F4:1C:50:21:23:FD;4;-67;4,5;03-12-2015 18:16:21;GT-I9515 - 1a88bbcf523c933c;43;;;;;;4,5;-67;;;
F4:1C:50:21:23:FD;4;-68;4,5;03-12-2015 18:16:35;GT-I9515 - 1a88bbcf523c933c;43;;;;;;4,5;-68;;;
F4:1C:50:21:23:FD;4;-67;4,5;03-12-2015 18:16:52;GT-I9515 - 1a88bbcf523c933c;43;;;;;;4,5;-67;;;
F4:1C:50:21:23:FD;4;-67;4,5;03-12-2015 18:17:09;GT-I9515 - 1a88bbcf523c933c;43;;;;;;4,5;-67;;;
F4:1C:50:21:23:FD;4;-66;4,5;03-12-2015 18:17:24;GT-I9515 - 1a88bbcf523c933c;43;;;;;;4,5;-66;;;
F4:1C:50:21:23:FD;4;-67;4,5;03-12-2015 18:17:24;GT-I9515 - 1a88bbcf523c933c;43;;;;;;4,5;-67;;;
F4:1C:50:21:23:FD;4;-67;4,5;03-12-2015 18:17:25;GT-I9515 - 1a88bbcf523c933c;43;;;;;;4,5;-67;;;
F4:1C:50:21:23:FD;4;-68;5;03-12-2015 18:18:11;GT-I9515 - 1a88bbcf523c933c;42;;;;;;5;-68;;;
F4:1C:50:21:23:FD;4;-68;5;03-12-2015 18:18:13;GT-I9515 - 1a88bbcf523c933c;42;;;;;;5;-68;;;
F4:1C:50:21:23:FD;4;-68;5;03-12-2015 18:18:28;GT-I9515 - 1a88bbcf523c933c;42;;;;;;5;-68;;;
F4:1C:50:21:23:FD;4;-68;5;03-12-2015 18:18:28;GT-I9515 - 1a88bbcf523c933c;42;;;;;;5;-68;;;
F4:1C:50:21:23:FD;4;-67;5;03-12-2015 18:18:29;GT-I9515 - 1a88bbcf523c933c;42;;;;;;5;-67;;;
F4:1C:50:21:23:FD;4;-68;5;03-12-2015 18:18:43;GT-I9515 - 1a88bbcf523c933c;42;;;;;;5;-68;;;
F4:1C:50:21:23:FD;4;-62;5;03-12-2015 18:18:44;GT-I9515 - 1a88bbcf523c933c;42;;;;;;5;-62;;;
F4:1C:50:21:23:FD;4;-68;5;03-12-2015 18:19:00;GT-I9515 - 1a88bbcf523c933c;42;;;;;;5;-68;;;
F4:1C:50:21:23:FD;4;-67;5;03-12-2015 18:19:04;GT-I9515 - 1a88bbcf523c933c;42;;;;;;5;-67;;;
F4:1C:50:21:23:FD;4;-67;5;03-12-2015 18:19:16;GT-I9515 - 1a88bbcf523c933c;42;;;;;;5;-67;;;
F4:1C:50:21:23:FD;4;-68;5;03-12-2015 18:19:17;GT-I9515 - 1a88bbcf523c933c;42;;;;;;5;-68;;;
F4:1C:50:21:23:FD;4;-68;5;03-12-2015 18:19:19;GT-I9515 - 1a88bbcf523c933c;42;;;;;;5;-68;;;
F4:1C:50:21:23:FD;4;-68;5;03-12-2015 18:19:48;GT-I9515 - 1a88bbcf523c933c;42;;;;;;5;-68;;;
F4:1C:50:21:23:FD;4;-67;5;03-12-2015 18:19:48;GT-I9515 - 1a88bbcf523c933c;42;;;;;;5;-67;;;
F4:1C:50:21:23:FD;4;-68;5;03-12-2015 18:20:05;GT-I9515 - 1a88bbcf523c933c;42;;;;;;5;-68;;;
F4:1C:50:21:23:FD;4;-68;5;03-12-2015 18:20:20;GT-I9515 - 1a88bbcf523c933c;42;;;;;;5;-68;;;
F4:1C:50:21:23:FD;4;-68;5;03-12-2015 18:20:20;GT-I9515 - 1a88bbcf523c933c;42;;;;;;5;-68;;;
F4:1C:50:21:23:FD;4;-68;5;03-12-2015 18:20:56;GT-I9515 - 1a88bbcf523c933c;41;;;;;;5;-68;;;
F4:1C:50:21:23:FD;4;-68;5;03-12-2015 18:20:59;GT-I9515 - 1a88bbcf523c933c;41;;;;;;5;-68;;;
F4:1C:50:21:23:FD;4;-68;5;03-12-2015 18:20:59;GT-I9515 - 1a88bbcf523c933c;41;;;;;;5;-68;;;
F4:1C:50:21:23:FD;4;-68;5;03-12-2015 18:20:59;GT-I9515 - 1a88bbcf523c933c;41;;;;;;5;-68;;;
F4:1C:50:21:23:FD;4;-68;5;03-12-2015 18:21:08;GT-I9515 - 1a88bbcf523c933c;41;;;;;;5;-68;;;
F4:1C:50:21:23:FD;4;-63;5;03-12-2015 18:21:09;GT-I9515 - 1a88bbcf523c933c;41;;;;;;5;-63;;;
F4:1C:50:21:23:FD;4;-68;5;03-12-2015 18:21:23;GT-I9515 - 1a88bbcf523c933c;41;;;;;;5;-68;;;
F4:1C:50:21:23:FD;4;-68;5;03-12-2015 18:21:25;GT-I9515 - 1a88bbcf523c933c;41;;;;;;5;-68;;;
F4:1C:50:21:23:FD;4;-68;5;03-12-2015 18:21:25;GT-I9515 - 1a88bbcf523c933c;41;;;;;;5;-68;;;
F4:1C:50:21:23:FD;4;-68;5;03-12-2015 18:21:25;GT-I9515 - 1a88bbcf523c933c;41;;;;;;5;-68;;;
F4:1C:50:21:23:FD;4;-68;5;03-12-2015 18:21:40;GT-I9515 - 1a88bbcf523c933c;41;;;;;;5;-68;;;
F4:1C:50:21:23:FD;4;-69;5;03-12-2015 18:21:40;GT-I9515 - 1a88bbcf523c933c;41;;;;;;5;-69;;;
F4:1C:50:21:23:FD;4;-68;5;03-12-2015 18:21:41;GT-I9515 - 1a88bbcf523c933c;41;;;;;;5;-68;;;
F4:1C:50:21:23:FD;4;-68;5;03-12-2015 18:21:56;GT-I9515 - 1a88bbcf523c933c;41;;;;;;5;-68;;;
F4:1C:50:21:23:FD;4;-68;5;03-12-2015 18:21:56;GT-I9515 - 1a88bbcf523c933c;41;;;;;;5;-68;;;
F4:1C:50:21:23:FD;4;-68;5;03-12-2015 18:22:12;GT-I9515 - 1a88bbcf523c933c;41;;;;;;5;-68;;;
F4:1C:50:21:23:FD;4;-68;5;03-12-2015 18:22:13;GT-I9515 - 1a88bbcf523c933c;41;;;;;;5;-68;;;
F4:1C:50:21:23:FD;4;-69;5;03-12-2015 18:22:28;GT-I9515 - 1a88bbcf523c933c;41;;;;;;5;-69;;;
F4:1C:50:21:23:FD;4;-68;5;03-12-2015 18:22:31;GT-I9515 - 1a88bbcf523c933c;41;;;;;;5;-68;;;
F4:1C:50:21:23:FD;4;-68;5;03-12-2015 18:22:43;GT-I9515 - 1a88bbcf523c933c;41;;;;;;5;-68;;;
F4:1C:50:21:23:FD;4;-68;5;03-12-2015 18:23:03;GT-I9515 - 1a88bbcf523c933c;41;;;;;;5;-68;;;
F4:1C:50:21:23:FD;4;-68;5;03-12-2015 18:23:04;GT-I9515 - 1a88bbcf523c933c;41;;;;;;5;-68;;;
F4:1C:50:21:23:FD;4;-68;5;03-12-2015 18:23:17;GT-I9515 - 1a88bbcf523c933c;41;;;;;;5;-68;;;
F4:1C:50:21:23:FD;4;-69;5,5;03-12-2015 18:24:04;GT-I9515 - 1a88bbcf523c933c;41;;;;;;5,5;-69;;;
F4:1C:50:21:23:FD;4;-69;5,5;03-12-2015 18:24:05;GT-I9515 - 1a88bbcf523c933c;41;;;;;;5,5;-69;;;
F4:1C:50:21:23:FD;4;-69;5,5;03-12-2015 18:24:21;GT-I9515 - 1a88bbcf523c933c;41;;;;;;5,5;-69;;;
F4:1C:50:21:23:FD;4;-69;5,5;03-12-2015 18:24:21;GT-I9515 - 1a88bbcf523c933c;41;;;;;;5,5;-69;;;
F4:1C:50:21:23:FD;4;-70;5,5;03-12-2015 18:24:36;GT-I9515 - 1a88bbcf523c933c;41;;;;;;5,5;-70;;;
F4:1C:50:21:23:FD;4;-69;5,5;03-12-2015 18:24:37;GT-I9515 - 1a88bbcf523c933c;41;;;;;;5,5;-69;;;
F4:1C:50:21:23:FD;4;-69;5,5;03-12-2015 18:24:37;GT-I9515 - 1a88bbcf523c933c;41;;;;;;5,5;-69;;;
F4:1C:50:21:23:FD;4;-71;5,5;03-12-2015 18:25:24;GT-I9515 - 1a88bbcf523c933c;40;;;;;;5,5;-71;;;
F4:1C:50:21:23:FD;4;-70;5,5;03-12-2015 18:25:40;GT-I9515 - 1a88bbcf523c933c;40;;;;;;5,5;-70;;;
F4:1C:50:21:23:FD;4;-71;5,5;03-12-2015 18:25:46;GT-I9515 - 1a88bbcf523c933c;40;;;;;;5,5;-71;;;
F4:1C:50:21:23:FD;4;-71;5,5;03-12-2015 18:25:56;GT-I9515 - 1a88bbcf523c933c;40;;;;;;5,5;-71;;;
F4:1C:50:21:23:FD;4;-71;5,5;03-12-2015 18:25:57;GT-I9515 - 1a88bbcf523c933c;40;;;;;;5,5;-71;;;
F4:1C:50:21:23:FD;4;-71;5,5;03-12-2015 18:25:57;GT-I9515 - 1a88bbcf523c933c;40;;;;;;5,5;-71;;;
F4:1C:50:21:23:FD;4;-71;5,5;03-12-2015 18:26:11;GT-I9515 - 1a88bbcf523c933c;40;;;;;;5,5;-71;;;
F4:1C:50:21:23:FD;4;-71;5,5;03-12-2015 18:26:12;GT-I9515 - 1a88bbcf523c933c;40;;;;;;5,5;-71;;;
F4:1C:50:21:23:FD;4;-71;5,5;03-12-2015 18:26:12;GT-I9515 - 1a88bbcf523c933c;40;;;;;;5,5;-71;;;
F4:1C:50:21:23:FD;4;-70;5,5;03-12-2015 18:26:29;GT-I9515 - 1a88bbcf523c933c;40;;;;;;5,5;-70;;;
F4:1C:50:21:23:FD;4;-70;5,5;03-12-2015 18:27:13;GT-I9515 - 1a88bbcf523c933c;40;;;;;;5,5;-70;;;
F4:1C:50:21:23:FD;4;-70;5,5;03-12-2015 18:27:15;GT-I9515 - 1a88bbcf523c933c;40;;;;;;5,5;-70;;;
F4:1C:50:21:23:FD;4;-70;5,5;03-12-2015 18:27:16;GT-I9515 - 1a88bbcf523c933c;40;;;;;;5,5;-70;;;
F4:1C:50:21:23:FD;4;-70;5,5;03-12-2015 18:27:16;GT-I9515 - 1a88bbcf523c933c;40;;;;;;5,5;-70;;;
F4:1C:50:21:23:FD;4;-70;5,5;03-12-2015 18:27:16;GT-I9515 - 1a88bbcf523c933c;40;;;;;;5,5;-70;;;
F4:1C:50:21:23:FD;4;-70;5,5;03-12-2015 18:27:17;GT-I9515 - 1a88bbcf523c933c;40;;;;;;5,5;-70;;;
F4:1C:50:21:23:FD;4;-70;5,5;03-12-2015 18:27:17;GT-I9515 - 1a88bbcf523c933c;40;;;;;;5,5;-70;;;
F4:1C:50:21:23:FD;4;-70;5,5;03-12-2015 18:27:17;GT-I9515 - 1a88bbcf523c933c;40;;;;;;5,5;-70;;;
F4:1C:50:21:23:FD;4;-70;5,5;03-12-2015 18:27:19;GT-I9515 - 1a88bbcf523c933c;40;;;;;;5,5;-70;;;
F4:1C:50:21:23:FD;4;-71;5,5;03-12-2015 18:27:19;GT-I9515 - 1a88bbcf523c933c;40;;;;;;5,5;-71;;;
F4:1C:50:21:23:FD;4;-71;5,5;03-12-2015 18:27:19;GT-I9515 - 1a88bbcf523c933c;40;;;;;;5,5;-71;;;
F4:1C:50:21:23:FD;4;-70;5,5;03-12-2015 18:27:51;GT-I9515 - 1a88bbcf523c933c;40;;;;;;5,5;-70;;;
F4:1C:50:21:23:FD;4;-74;5,5;03-12-2015 18:28:04;GT-I9515 - 1a88bbcf523c933c;40;;;;;;5,5;-74;;;
F4:1C:50:21:23:FD;4;-70;5,5;03-12-2015 18:28:05;GT-I9515 - 1a88bbcf523c933c;40;;;;;;5,5;-70;;;
F4:1C:50:21:23:FD;4;-70;5,5;03-12-2015 18:28:44;GT-I9515 - 1a88bbcf523c933c;40;;;;;;5,5;-70;;;
F4:1C:50:21:23:FD;4;-72;5,5;03-12-2015 18:28:55;GT-I9515 - 1a88bbcf523c933c;40;;;;;;5,5;-72;;;
F4:1C:50:21:23:FD;4;-72;5,5;03-12-2015 18:29:24;GT-I9515 - 1a88bbcf523c933c;40;;;;;;5,5;-72;;;
F4:1C:50:21:23:FD;4;-72;5,5;03-12-2015 18:29:25;GT-I9515 - 1a88bbcf523c933c;40;;;;;;5,5;-72;;;
F4:1C:50:21:23:FD;4;-79;6;03-12-2015 18:29:56;GT-I9515 - 1a88bbcf523c933c;40;;;;;;6;-79;;;
F4:1C:50:21:23:FD;4;-78;6;03-12-2015 18:29:57;GT-I9515 - 1a88bbcf523c933c;40;;;;;;6;-78;;;
F4:1C:50:21:23:FD;4;-78;6;03-12-2015 18:29:57;GT-I9515 - 1a88bbcf523c933c;40;;;;;;6;-78;;;
F4:1C:50:21:23:FD;4;-78;6;03-12-2015 18:29:57;GT-I9515 - 1a88bbcf523c933c;40;;;;;;6;-78;;;
F4:1C:50:21:23:FD;4;-78;6;03-12-2015 18:29:59;GT-I9515 - 1a88bbcf523c933c;40;;;;;;6;-78;;;
F4:1C:50:21:23:FD;4;-78;6;03-12-2015 18:30:00;GT-I9515 - 1a88bbcf523c933c;40;;;;;;6;-78;;;
F4:1C:50:21:23:FD;4;-83;6;03-12-2015 18:31:16;GT-I9515 - 1a88bbcf523c933c;39;;;;;;6;-83;;;
F4:1C:50:21:23:FD;4;-83;6;03-12-2015 18:31:16;GT-I9515 - 1a88bbcf523c933c;39;;;;;;6;-83;;;
F4:1C:50:21:23:FD;4;-83;6;03-12-2015 18:31:17;GT-I9515 - 1a88bbcf523c933c;39;;;;;;6;-83;;;
F4:1C:50:21:23:FD;4;-82;6;03-12-2015 18:31:19;GT-I9515 - 1a88bbcf523c933c;39;;;;;;6;-82;;;
F4:1C:50:21:23:FD;4;-84;6;03-12-2015 18:31:32;GT-I9515 - 1a88bbcf523c933c;39;;;;;;6;-84;;;
F4:1C:50:21:23:FD;4;-84;6;03-12-2015 18:31:32;GT-I9515 - 1a88bbcf523c933c;39;;;;;;6;-84;;;
F4:1C:50:21:23:FD;4;-84;6;03-12-2015 18:31:33;GT-I9515 - 1a88bbcf523c933c;39;;;;;;6;-84;;;
F4:1C:50:21:23:FD;4;-84;6;03-12-2015 18:32:45;GT-I9515 - 1a88bbcf523c933c;39;;;;;;6;-84;;;
F4:1C:50:21:23:FD;4;-83;6;03-12-2015 18:32:51;GT-I9515 - 1a88bbcf523c933c;39;;;;;;6;-83;;;
F4:1C:50:21:23:FD;4;-83;6;03-12-2015 18:32:52;GT-I9515 - 1a88bbcf523c933c;39;;;;;;6;-83;;;
F4:1C:50:21:23:FD;4;-83;6;03-12-2015 18:32:53;GT-I9515 - 1a88bbcf523c933c;39;;;;;;6;-83;;;
F4:1C:50:21:23:FD;4;-85;6;03-12-2015 18:35:00;GT-I9515 - 1a88bbcf523c933c;38;;;;;;6;-85;;;
F4:1C:50:21:23:FD;4;-91;6;03-12-2015 18:35:15;GT-I9515 - 1a88bbcf523c933c;38;;;;;;6;-91;;;
F4:1C:50:21:23:FD;4;-70;6;03-12-2015 18:37:08;GT-I9515 - 1a88bbcf523c933c;37;;;;;;6;-70;;;
F4:1C:50:21:23:FD;4;-75;6;03-12-2015 18:37:12;GT-I9515 - 1a88bbcf523c933c;37;;;;;;6;-75;;;
F4:1C:50:21:23:FD;4;-88;6;03-12-2015 18:37:24;GT-I9515 - 1a88bbcf523c933c;37;;;;;;6;-88;;;
F4:1C:50:21:23:FD;4;-84;6;03-12-2015 18:37:25;GT-I9515 - 1a88bbcf523c933c;37;;;;;;6;-84;;;
F4:1C:50:21:23:FD;4;-88;6;03-12-2015 18:40:52;GT-I9515 - 1a88bbcf523c933c;35;;;;;;6;-88;;;
F4:1C:50:21:23:FD;4;-79;6;03-12-2015 18:41:08;GT-I9515 - 1a88bbcf523c933c;35;;;;;;6;-79;;;
F4:1C:50:21:23:FD;4;-79;6;03-12-2015 18:41:09;GT-I9515 - 1a88bbcf523c933c;35;;;;;;6;-79;;;
F4:1C:50:21:23:FD;4;-79;6;03-12-2015 18:41:25;GT-I9515 - 1a88bbcf523c933c;35;;;;;;6;-79;;;
F4:1C:50:21:23:FD;4;-79;6;03-12-2015 18:41:25;GT-I9515 - 1a88bbcf523c933c;35;;;;;;6;-79;;;
F4:1C:50:21:23:FD;4;-79;6;03-12-2015 18:41:25;GT-I9515 - 1a88bbcf523c933c;35;;;;;;6;-79;;;
F4:1C:50:21:23:FD;4;-79;6;03-12-2015 18:41:25;GT-I9515 - 1a88bbcf523c933c;35;;;;;;6;-79;;;
F4:1C:50:21:23:FD;4;-79;6;03-12-2015 18:41:25;GT-I9515 - 1a88bbcf523c933c;35;;;;;;6;-79;;;
F4:1C:50:21:23:FD;4;-71;6;03-12-2015 18:44:20;GT-I9515 - 1a88bbcf523c933c;34;;;;;;6;-71;;;
F4:1C:50:21:23:FD;4;-73;6;03-12-2015 18:44:21;GT-I9515 - 1a88bbcf523c933c;34;;;;;;6;-73;;;
F4:1C:50:21:23:FD;4;-70;6;03-12-2015 18:58:41;GT-I9515 - 1a88bbcf523c933c;27;;;;;;6;-70;;;
F4:1C:50:21:23:FD;4;-72;6;03-12-2015 18:58:52;GT-I9515 - 1a88bbcf523c933c;27;;;;;;6;-72;;;
F4:1C:50:21:23:FD;4;-71;6;03-12-2015 19:00:45;GT-I9515 - 1a88bbcf523c933c;26;;;;;;6;-71;;;
F4:1C:50:21:23:FD;4;-71;6;03-12-2015 19:01:04;GT-I9515 - 1a88bbcf523c933c;25;;;;;;6;-71;;;
F4:1C:50:21:23:FD;4;-71;6;03-12-2015 19:01:05;GT-I9515 - 1a88bbcf523c933c;25;;;;;;6;-71;;;
F4:1C:50:21:23:FD;4;-71;6;03-12-2015 19:01:17;GT-I9515 - 1a88bbcf523c933c;25;;;;;;6;-71;;;
F4:1C:50:21:23:FD;4;-76;6;03-12-2015 19:01:17;GT-I9515 - 1a88bbcf523c933c;25;;;;;;6;-76;;;
F4:1C:50:21:23:FD;4;-71;6;03-12-2015 19:01:33;GT-I9515 - 1a88bbcf523c933c;25;;;;;;6;-71;;;
F4:1C:50:21:23:FD;4;-70;6;03-12-2015 19:01:33;GT-I9515 - 1a88bbcf523c933c;25;;;;;;6;-70;;;
F4:1C:50:21:23:FD;4;-71;6;03-12-2015 19:01:49;GT-I9515 - 1a88bbcf523c933c;25;;;;;;6;-71;;;
F4:1C:50:21:23:FD;4;-72;6;03-12-2015 19:02:04;GT-I9515 - 1a88bbcf523c933c;25;;;;;;6;-72;;;
F4:1C:50:21:23:FD;4;-77;6,5;03-12-2015 19:02:37;GT-I9515 - 1a88bbcf523c933c;24;;;;;;6,5;-77;;;
F4:1C:50:21:23:FD;4;-75;6,5;03-12-2015 19:03:09;GT-I9515 - 1a88bbcf523c933c;24;;;;;;6,5;-75;;;
F4:1C:50:21:23:FD;4;-74;6,5;03-12-2015 19:03:41;GT-I9515 - 1a88bbcf523c933c;24;;;;;;6,5;-74;;;
F4:1C:50:21:23:FD;4;-77;6,5;03-12-2015 19:03:42;GT-I9515 - 1a88bbcf523c933c;24;;;;;;6,5;-77;;;
F4:1C:50:21:23:FD;4;-81;6,5;03-12-2015 19:03:56;GT-I9515 - 1a88bbcf523c933c;24;;;;;;6,5;-81;;;
F4:1C:50:21:23:FD;4;-79;6,5;03-12-2015 19:03:57;GT-I9515 - 1a88bbcf523c933c;24;;;;;;6,5;-79;;;
F4:1C:50:21:23:FD;4;-81;6,5;03-12-2015 19:03:58;GT-I9515 - 1a88bbcf523c933c;24;;;;;;6,5;-81;;;
F4:1C:50:21:23:FD;4;-73;6,5;03-12-2015 19:04:12;GT-I9515 - 1a88bbcf523c933c;24;;;;;;6,5;-73;;;
F4:1C:50:21:23:FD;4;-75;6,5;03-12-2015 19:04:28;GT-I9515 - 1a88bbcf523c933c;24;;;;;;6,5;-75;;;
F4:1C:50:21:23:FD;4;-76;6,5;03-12-2015 19:04:30;GT-I9515 - 1a88bbcf523c933c;24;;;;;;6,5;-76;;;
F4:1C:50:21:23:FD;4;-75;6,5;03-12-2015 19:04:44;GT-I9515 - 1a88bbcf523c933c;23;;;;;;6,5;-75;;;
F4:1C:50:21:23:FD;4;-75;6,5;03-12-2015 19:04:45;GT-I9515 - 1a88bbcf523c933c;23;;;;;;6,5;-75;;;
F4:1C:50:21:23:FD;4;-78;6,5;03-12-2015 19:05:01;GT-I9515 - 1a88bbcf523c933c;23;;;;;;6,5;-78;;;
F4:1C:50:21:23:FD;4;-78;6,5;03-12-2015 19:05:17;GT-I9515 - 1a88bbcf523c933c;23;;;;;;6,5;-78;;;
F4:1C:50:21:23:FD;4;-73;6,5;03-12-2015 19:05:17;GT-I9515 - 1a88bbcf523c933c;23;;;;;;6,5;-73;;;
F4:1C:50:21:23:FD;4;-75;6,5;03-12-2015 19:05:34;GT-I9515 - 1a88bbcf523c933c;23;;;;;;6,5;-75;;;
F4:1C:50:21:23:FD;4;-82;6,5;03-12-2015 19:05:50;GT-I9515 - 1a88bbcf523c933c;23;;;;;;6,5;-82;;;
F4:1C:50:21:23:FD;4;-77;6,5;03-12-2015 19:06:04;GT-I9515 - 1a88bbcf523c933c;22;;;;;;6,5;-77;;;
F4:1C:50:21:23:FD;4;-74;6,5;03-12-2015 19:06:05;GT-I9515 - 1a88bbcf523c933c;22;;;;;;6,5;-74;;;
F4:1C:50:21:23:FD;4;-77;6,5;03-12-2015 19:06:06;GT-I9515 - 1a88bbcf523c933c;22;;;;;;6,5;-77;;;
F4:1C:50:21:23:FD;4;-81;6,5;03-12-2015 19:06:37;GT-I9515 - 1a88bbcf523c933c;22;;;;;;6,5;-81;;;
F4:1C:50:21:23:FD;4;-81;6,5;03-12-2015 19:06:38;GT-I9515 - 1a88bbcf523c933c;22;;;;;;6,5;-81;;;
F4:1C:50:21:23:FD;4;-79;6,5;03-12-2015 19:06:52;GT-I9515 - 1a88bbcf523c933c;22;;;;;;6,5;-79;;;
F4:1C:50:21:23:FD;4;-74;6,5;03-12-2015 19:06:53;GT-I9515 - 1a88bbcf523c933c;22;;;;;;6,5;-74;;;
F4:1C:50:21:23:FD;4;-75;6,5;03-12-2015 19:06:53;GT-I9515 - 1a88bbcf523c933c;22;;;;;;6,5;-75;;;
F4:1C:50:21:23:FD;4;-74;6,5;03-12-2015 19:07:42;GT-I9515 - 1a88bbcf523c933c;22;;;;;;6,5;-74;;;
F4:1C:50:21:23:FD;4;-73;6,5;03-12-2015 19:07:44;GT-I9515 - 1a88bbcf523c933c;22;;;;;;6,5;-73;;;
F4:1C:50:21:23:FD;4;-77;6,5;03-12-2015 19:07:56;GT-I9515 - 1a88bbcf523c933c;22;;;;;;6,5;-77;;;
F4:1C:50:21:23:FD;4;-76;6,5;03-12-2015 19:08:13;GT-I9515 - 1a88bbcf523c933c;22;;;;;;6,5;-76;;;
F4:1C:50:21:23:FD;4;-70;7;03-12-2015 19:12:29;GT-I9515 - 1a88bbcf523c933c;19;;;;;;7;-70;;;
F4:1C:50:21:23:FD;4;-70;7;03-12-2015 19:12:45;GT-I9515 - 1a88bbcf523c933c;19;;;;;;7;-70;;;
F4:1C:50:21:23:FD;4;-72;7;03-12-2015 19:13:00;GT-I9515 - 1a88bbcf523c933c;19;;;;;;7;-72;;;
F4:1C:50:21:23:FD;4;-70;7;03-12-2015 19:13:01;GT-I9515 - 1a88bbcf523c933c;19;;;;;;7;-70;;;
F4:1C:50:21:23:FD;4;-71;7;03-12-2015 19:13:01;GT-I9515 - 1a88bbcf523c933c;19;;;;;;7;-71;;;
F4:1C:50:21:23:FD;4;-68;7;03-12-2015 19:13:32;GT-I9515 - 1a88bbcf523c933c;19;;;;;;7;-68;;;
F4:1C:50:21:23:FD;4;-68;7;03-12-2015 19:13:33;GT-I9515 - 1a88bbcf523c933c;19;;;;;;7;-68;;;
F4:1C:50:21:23:FD;4;-71;7;03-12-2015 19:14:20;GT-I9515 - 1a88bbcf523c933c;18;;;;;;7;-71;;;
F4:1C:50:21:23:FD;4;-71;7;03-12-2015 19:14:22;GT-I9515 - 1a88bbcf523c933c;18;;;;;;7;-71;;;
F4:1C:50:21:23:FD;4;-69;7;03-12-2015 19:14:37;GT-I9515 - 1a88bbcf523c933c;18;;;;;;7;-69;;;
F4:1C:50:21:23:FD;4;-84;7,5;03-12-2015 19:15:24;GT-I9515 - 1a88bbcf523c933c;18;;;;;;7,5;-84;;;
F4:1C:50:21:23:FD;4;-80;7,5;03-12-2015 19:15:25;GT-I9515 - 1a88bbcf523c933c;18;;;;;;7,5;-80;;;
F4:1C:50:21:23:FD;4;-76;7,5;03-12-2015 19:16:29;GT-I9515 - 1a88bbcf523c933c;17;;;;;;7,5;-76;;;
F4:1C:50:21:23:FD;4;-75;7,5;03-12-2015 19:17:01;GT-I9515 - 1a88bbcf523c933c;17;;;;;;7,5;-75;;;
F4:1C:50:21:23:FD;4;-76;7,5;03-12-2015 19:18:20;GT-I9515 - 1a88bbcf523c933c;16;;;;;;7,5;-76;;;
F4:1C:50:21:23:FD;4;-82;7,5;03-12-2015 19:19:08;GT-I9515 - 1a88bbcf523c933c;16;;;;;;7,5;-82;;;
F4:1C:50:21:23:FD;4;-82;7,5;03-12-2015 19:19:08;GT-I9515 - 1a88bbcf523c933c;16;;;;;;7,5;-82;;;
F4:1C:50:21:23:FD;4;-82;7,5;03-12-2015 19:19:09;GT-I9515 - 1a88bbcf523c933c;16;;;;;;7,5;-82;;;
F4:1C:50:21:23:FD;4;-82;7,5;03-12-2015 19:19:09;GT-I9515 - 1a88bbcf523c933c;16;;;;;;7,5;-82;;;
F4:1C:50:21:23:FD;4;-82;7,5;03-12-2015 19:19:09;GT-I9515 - 1a88bbcf523c933c;16;;;;;;7,5;-82;;;
F4:1C:50:21:23:FD;4;-82;7,5;03-12-2015 19:19:09;GT-I9515 - 1a88bbcf523c933c;16;;;;;;7,5;-82;;;
F4:1C:50:21:23:FD;4;-82;7,5;03-12-2015 19:19:09;GT-I9515 - 1a88bbcf523c933c;16;;;;;;7,5;-82;;;
F4:1C:50:21:23:FD;4;-82;7,5;03-12-2015 19:19:09;GT-I9515 - 1a88bbcf523c933c;16;;;;;;7,5;-82;;;
F4:1C:50:21:23:FD;4;-82;7,5;03-12-2015 19:19:09;GT-I9515 - 1a88bbcf523c933c;16;;;;;;7,5;-82;;;
F4:1C:50:21:23:FD;4;-82;7,5;03-12-2015 19:19:09;GT-I9515 - 1a88bbcf523c933c;16;;;;;;7,5;-82;;;
F4:1C:50:21:23:FD;4;-82;7,5;03-12-2015 19:19:10;GT-I9515 - 1a88bbcf523c933c;16;;;;;;7,5;-82;;;
F4:1C:50:21:23:FD;4;-82;7,5;03-12-2015 19:19:10;GT-I9515 - 1a88bbcf523c933c;16;;;;;;7,5;-82;;;
F4:1C:50:21:23:FD;4;-82;7,5;03-12-2015 19:19:12;GT-I9515 - 1a88bbcf523c933c;16;;;;;;7,5;-82;;;
F4:1C:50:21:23:FD;4;-82;7,5;03-12-2015 19:19:12;GT-I9515 - 1a88bbcf523c933c;16;;;;;;7,5;-82;;;
F4:1C:50:21:23:FD;4;-82;7,5;03-12-2015 19:19:12;GT-I9515 - 1a88bbcf523c933c;16;;;;;;7,5;-82;;;
